,P1TS,P1TI,P3TS,P2TS,P4TS,P4TI,P6TA-FS,P6TA-FG,P6TA-AS,P6TA-AG,P5TA-AS,P5TA-AG,P7TA-AS,P7TA-AG,P8H,P9H,P10H
L26788,1.098245375516088,1.0398594221114723,1.0696959189042703,1.060501093580855,1.1428695986005482,1.172969705935837,1.112507955173055,1.2753521940740178,1.0815256281084271,1.5808690087747326,1.010114345684425,1.1806747375916546,1.0,1.1828969621720582,1.061652888081012,1.1870634198169192,1.0699848181747813
L104489,0.9384712466271532,1.0672344980059452,1.559119039628435,0.780451183503209,0.8254469508226431,1.2281146421823812,1.2428850881136138,1.3416794736681303,1.1050633550746805,1.495002820108251,0.6592824903406833,1.4083044042041462,0.5314634039266088,1.6204315075090945,1.1276114889383513,1.1221202084309707,0.9494187715741677
L26789,1.8328027699542075,1.5728270000506983,2.47173586249276,1.4115847499919545,1.519447321870842,1.8635984873001636,2.121516819101301,2.008068208463996,1.8008302704394608,2.3591053500150307,1.3161680163709892,1.8747122189860053,1.572021300344762,1.866929965165181,1.9093367882353287,1.901885938517581,1.7601255071674156
L26791,1.492793072135175,0.9228509280466156,0.3686138925894351,0.2970410484305719,0.6372762123203921,1.2860478405192746,0.2658725557045297,0.984768901569712,1.2517430862012324,0.7249846248335463,0.5720745707852052,0.6588919510178884,0.9771612554911157,1.660869810025749,0.9870483543858704,1.468752615277635,1.0063168378331446
L26792,0.0064607823553828,0.0105512183612696,0.0491657734224439,0.0942858081147141,0.1985230567269017,0.0,0.0027971189601378,0.0029374261258412,0.0126371308432408,0.0,0.0074108653714137,0.0,0.3364471839438516,0.0038968825556735,0.0035053247977581,0.0,0.007839022272877
L26793,0.0998454161920872,0.2658046865312093,0.3606650571226967,0.6924443888935577,0.265295274156248,0.0447590868322993,0.1096042532414185,0.0467358250880784,0.0855367034997327,0.1605917990378704,0.8296928529243455,0.0,0.3087952190982007,0.0095059130001338,0.1017285985783303,0.0787456481780169,0.4752746613022361
L26798,0.0016273008639016,0.0,0.0218281308248742,0.0041226840816379,0.007728113513808,0.0,0.0,0.0,0.0,0.0,0.0,0.0,0.0,0.0,0.0,0.0,0.0
L26799,0.0394343125081971,0.0616010961043045,0.0789162445254897,0.0954567399754959,0.1862347241109691,0.0424397986765417,0.0423958783032779,0.1093437121886702,0.0598858777076687,0.1117581932140606,0.0105384332372949,0.1589667828508824,0.0,0.078565498544552,0.0271662129856881,0.0594981367811124,0.0380412235153043
L26800,0.0612807629819523,0.0072480562323332,0.0,0.00974587921277,0.0098528359164859,0.0579893543903123,0.0324130491411381,0.0128439899242181,0.0242494598324777,0.0,0.0022058873502222,0.0083998732535828,0.0,0.0359830924614615,0.0210331354142315,0.080638890452772,0.0249012220623216
L26801,0.8035584637475731,0.629315291981781,0.5781433287439326,0.5124442255615951,0.4408788821530102,0.8586013382523818,0.8317377191211636,0.7708567617102621,0.7911218602507177,0.8531955148771775,0.6097661528031671,0.6883306771930113,0.5314634039266088,0.8199446116205643,0.7736853110394187,0.9320108080390024,0.7543727687661793
L26802,0.989017492396562,0.9020260966872372,0.9674276518662376,0.8377239996028292,0.8563508572989037,0.972248985215116,0.9601090012328054,0.95901425782767,0.9668964097183051,1.0,0.8545102915474827,0.8767323861649972,1.0,0.9935703795780352,0.9685588466885632,0.9865453190524592,0.9431274101532824
L26803,0.0269250183743817,0.0166254651618744,0.0492968548816687,0.025181135822439,0.0763573598267462,0.1012912193753795,0.1433567110959864,0.1994351054051497,0.0239335198772267,0.4901769474827273,0.0124541694494204,0.1295654725922565,0.0,0.1483022981092842,0.0694352906556652,0.0913322091126543,0.0596547175792748
L26804,0.0351739253127883,0.0956527139996035,0.1234296487667651,0.0189855451792136,0.0585801344712961,0.0620681577917294,0.2692222934012051,0.1887730788301462,0.0197191065455754,0.4031513219692628,0.0977855610804163,0.1322687725591668,0.0,0.3035108783975493,0.1568540303349044,0.1806996219544854,0.1486115699594365
L26805,0.0029053661624992,0.0579817404463529,0.004075796691727,0.0304221418832325,0.0179405355462337,0.0140834573882812,0.0345794236872184,0.0362219057333525,0.0331035902816949,0.0,0.011765486731429,0.1024558872190737,0.0,0.0036575982112251,0.0194236879471023,0.0,0.0294986261938267
L26806,1.4811999241477305,0.8170238084811847,0.3618227574147017,0.2682068368790366,0.596422972904297,1.2795571623625,0.1708746969869192,0.9265856049426252,1.2420630184704362,0.5296045274687041,0.2931170554769611,0.6588919510178884,0.9771612554911157,1.4102631168784188,0.904107795449394,1.3639550643947926,0.8112734043857984
L26807,0.0007460164172739,0.0013212832551299,0.0,0.0436444820738633,0.0857534758215564,0.0,0.0,0.0,0.0,0.0,0.0025577468653196,0.0,0.2029314594808671,0.0,0.0,0.0,0.0024977374029966
L26808,0.0062416640145868,0.0105512183612696,0.0491657734224439,0.0929431653228558,0.1954416667534078,0.0,0.0027971189601378,0.0029374261258412,0.0126371308432408,0.0,0.0074108653714137,0.0,0.3364471839438516,0.0038968825556735,0.0035053247977581,0.0,0.007839022272877
L26809,0.0,0.0,0.0,0.0013426427918583,0.0059649610491234,0.0,0.0,0.0,0.0,0.0,0.0024776541389349,0.0,0.0,0.0,0.0,0.0,0.0
L26810,0.0,0.0,0.0,0.0013426427918583,0.0023249904635714,0.0,0.0,0.0,0.0,0.0,0.0024776541389349,0.0,0.0,0.0,0.0,0.0,0.0
L26812,0.0208899521013929,0.0873677605630216,0.0216021315146787,0.242281440162399,0.1977351609804244,0.0046335216502852,0.0201399846116124,0.0098263904354429,0.0046170498278771,0.0270050591998493,0.3008704549070453,0.0,0.0,0.0080129515015316,0.0249902534890029,0.0253470235667898,0.0834373989859445
L26813,0.0789554640906942,0.1784369259681876,0.339062925608018,0.4501629487311587,0.0675601131758235,0.040125565182014,0.089464268629806,0.0369094346526354,0.0809196536718556,0.1335867398380211,0.5288223980172999,0.0,0.3087952190982007,0.0014929614986022,0.0767383450893273,0.0533986246112271,0.3918372623162915
L26814,0.7900684390905014,0.5588860717294395,1.3457135898005606,0.4885408630989907,0.4936991729788741,0.7898581304534094,0.8759160506697279,0.8469724248540372,0.7952099176302743,0.9221325565358236,0.3560785473491926,0.7680368102463488,0.369089840863895,0.569848707189597,0.7738204762997251,0.7286855823833381,0.6491796874832128
L26815,0.0903432789641886,0.3259202701422715,0.8974732886664738,0.1220293830339753,0.1746602245515123,0.3060720659078512,0.2227221011507065,0.3921926310446134,0.2316735880907463,0.3881498095320485,0.0161296318710927,0.4463467449906519,0.0,0.6982230686502915,0.2251454879703222,0.1028668102818641,0.0955050066094723
L26817,0.0011465695514051,0.0034826172418276,0.0066684206171612,0.0025446193093942,0.0035109241855461,0.0136675573966029,0.0067491147920747,0.0,0.0,0.0,0.0006611563078478,0.0208117266159291,0.0,0.0,0.0058087022451672,0.0,0.0018239872709067
L26819,0.0018647602330084,0.1371578535983309,0.0,0.0,0.0,0.0886418680055355,0.0019183398674387,0.0,0.0,0.0,0.050231207450779,0.1454897451157613,0.0,0.0358244452240622,0.0056693001155067,0.1629363899810711,0.0928969854084392
L26820,0.0065934288351866,0.0414577606679423,0.0067911351747334,0.0063616061926213,0.032929952100494,0.0028693215966565,0.0776902472998555,0.0581832966270867,0.0096800677307963,0.1873631769513773,0.0944998698967679,0.0,0.0,0.2491465530323058,0.0751671891847284,0.0963029959859768,0.1041910999500837
L26823,0.0,0.0,0.0218281308248742,0.0,0.0045934297527998,0.0,0.0,0.0,0.0,0.0,0.0,0.0,0.0,0.0,0.0,0.0,0.0
L26824,0.0155037576342716,0.0085308249358302,0.0,0.0162579786264102,0.007483442127196,0.0120880990467032,0.0078246022483036,0.0133084469521422,0.019004836545306,0.0338214715099434,0.0014359027739471,0.0560507967836342,0.0,0.0,0.0042947326669693,0.0059554151272984,0.0130611276266727
L26825,5.745022743699078e-05,0.0035624375509856,0.0,0.0163697046392436,0.0088678315294227,0.0,0.0005280309157166,0.0,0.0,0.0,0.006537074582482,0.0,0.0,0.0,0.0013251892844203,0.0,0.0037286783444077
L26838,0.0200561501027906,0.03462303806419,0.0585171805028879,0.0689505494720834,0.1412763200835654,0.0074686934625354,0.0115634002539441,0.0397659327994086,0.0339405106830201,0.0249994128462628,0.0058060957056132,0.0694249407483885,0.0,0.0330928483866826,0.0125735373522592,0.0151381589358425,0.022157472999058
L26839,0.8024118941961679,0.6230735217066593,0.5673991114350443,0.5059830756810233,0.4287294170808303,0.844933780855779,0.8292720241600746,0.7676580727545661,0.7869926078262776,0.8531955148771775,0.6091049964953194,0.6675189505770821,0.5314634039266088,0.8199446116205643,0.7698576000380573,0.9320108080390024,0.7434827555026868
L26840,0.0148577724784702,0.0021013792931018,0.004075796691727,0.0013551919379343,0.0122785114721857,0.0114543554844615,0.055907922051524,0.0638170398212774,0.0,0.120028386375248,0.007638184300921,0.0,0.0,0.0335575542346856,0.0219732031629134,0.0396499198869135,0.0284944914040029
L26841,0.0,0.0033143780734921,0.004075796691727,0.0039165305711774,0.0086385408866337,0.0,0.0007699382039049,0.0031986889556959,0.0041292524244402,0.0,0.0,0.0,0.0,0.0,0.0018361542072268,0.0,0.0090660259925857
L26842,0.0,0.0022669601701115,0.004075796691727,0.0013551919379343,0.0086385408866337,0.0,0.0014344789153538,0.0,0.0,0.0,0.0001375851355474,0.0,0.0,0.0,0.0003324383092615,0.0,0.0025688523147076
L26843,0.0005268980764779,0.0013212832551299,0.0,0.0436444820738633,0.0849970763116339,0.0,0.0,0.0,0.0,0.0,0.0025577468653196,0.0,0.2029314594808671,0.0,0.0,0.0,0.0024977374029966
L26844,0.8074062642091202,0.4755448966070981,0.2571461242187405,0.1635370930459138,0.3602874092814706,0.7387498959787708,0.0970328421867575,0.5141215366340365,0.693942348769869,0.3299224520389814,0.2340101758706657,0.4016782792420003,0.7166439533977897,0.8518987526465805,0.484159695653732,0.7699959848355744,0.4712235143338695
L26845,0.0062416640145868,0.0105512183612696,0.0491657734224439,0.0929431653228558,0.1918483037403005,0.0,0.0027971189601378,0.0029374261258412,0.0126371308432408,0.0,0.0074108653714137,0.0,0.3364471839438516,0.0038968825556735,0.0035053247977581,0.0,0.007839022272877
L26851,0.0673711783153233,0.076575854370589,0.1787993867990744,0.3449136660258686,0.0353439941318053,0.0365042086218959,0.0700287831992681,0.0342133568528163,0.0533924169536772,0.1140311567967205,0.2090296601142386,0.0,0.2152834924196216,0.0014929614986022,0.058878864428951,0.0473471194286027,0.1576228537826721
L26852,0.0142359487800923,0.0492024470651329,0.0216021315146787,0.0965223941538895,0.0752125720436612,0.0046335216502852,0.0170521972045372,0.0050625539964654,0.0046170498278771,0.0270050591998493,0.1632657280108205,0.0,0.0,0.0052409292907917,0.0162895342032232,0.011892342619249,0.0553738254065007
L26853,0.0059849014004804,0.0032613144889487,0.0452210581899416,0.0151948921963675,0.0410915429788312,0.0678234443817749,0.0281035806545217,0.1176588089654286,0.0178677665098239,0.3641578226757946,0.002846066179252,0.1139095423448788,0.0,0.0778783225854907,0.0188797104336361,0.0250124772518396,0.0122943167309181
L26854,0.7140806574569974,0.4792142179177787,0.4836122145608258,0.3799468854496377,0.3314863541820376,0.7188307089162378,0.6890873187573553,0.64561076605317,0.7054567644149861,0.6629259564321305,0.350902415760447,0.5357491543418248,0.369089840863895,0.5219923684427872,0.6213395873379008,0.6822594971667513,0.5697355971242888
L26855,0.0486131252916227,0.2101264700297355,0.360134409626771,0.0710998706800843,0.1068178943198398,0.1334435496050276,0.1232194510572339,0.2273131653275605,0.0879941515054268,0.3112665419500986,0.0107565397332865,0.3326236976045629,0.0,0.3294439730041114,0.1157635630041832,0.0815465059130001,0.0604611548554259
L26858,0.0011465695514051,0.0029273922016296,0.0066684206171612,0.0025446193093942,0.0035109241855461,0.0136675573966029,0.0016957567571841,0.0,0.0,0.0,0.0006611563078478,0.0208117266159291,0.0,0.0,0.0019915567941345,0.0,0.0018239872709067
L26859,0.0182315928540013,0.0240506658384848,0.0137306434054405,0.0239615711940182,0.0414474798418575,0.0213035478174034,0.0184168893744116,0.0456983751458157,0.0259453670246485,0.0867587803677978,0.0040711812238338,0.0687301154865647,0.0,0.0257462864954518,0.0145926756334288,0.0370118465419753,0.0140597632453394
L26860,0.0674095629063716,0.0356112783129778,0.8411919302163214,0.0735434597103776,0.1105298458068185,0.0522430675629444,0.1483484850887953,0.1226753313777119,0.0448429428898804,0.1461563146053518,0.0016014962663915,0.1699796317104569,0.0,0.0295546668391398,0.1098143670840191,0.0332272925428639,0.0498755415106621
L26863,0.6579898595763162,0.2806470025891204,0.0828485023710869,0.0961148171957202,0.2083655081921442,0.5285609317836484,0.0646555690060568,0.4010935308047191,0.5291158331552612,0.1658606039197793,0.0477892322991475,0.205674416048622,0.1538063484442734,0.4373318883273471,0.3921150591017032,0.5659121479741206,0.2937442302314976
L26864,0.0059069186471314,0.2668196957736486,0.0,0.0378125849902984,0.0492362346322673,0.2438972054504042,0.011530331475476,0.2105786875053605,0.1751803259676438,0.0679877999485193,0.0119643025622394,0.2360684173418096,0.0,0.637364184315585,0.0788639109424362,0.0157752881180043,0.0146558549141566
L26866,0.0027118624226975,0.0407379976188703,0.0,0.0043762733642656,0.000769135157674,0.0019953583415779,0.0220419973312634,0.0219852441256815,0.0222891231828319,0.0,0.0035746353223539,0.0464050904354394,0.0,0.0036575982112251,0.011802335850731,0.0,0.017755035280256
L26867,0.0348446842175337,0.0044002594075186,0.0,0.0,0.0,0.0121802541508323,0.0012237274076679,0.0094744816431343,0.0079733443355928,0.0,0.0004415144062702,0.0,0.0,0.005343515895923,0.0017964059831502,0.0097256088746736,0.0072186741759897
L26868,0.0018647602330084,0.1371578535983309,0.0,0.0,0.0,0.069674313382832,0.0019183398674387,0.0,0.0,0.0,0.050231207450779,0.1225958812091421,0.0,0.0358244452240622,0.0056693001155067,0.1523178872817241,0.0928969854084392
L26871,0.0148574288296528,0.0621006912864099,0.0630724936248857,0.0119959797169503,0.0325818770507913,0.0388637491408617,0.0805077251959176,0.0747101997965849,0.0146995871381859,0.1135378296366645,0.0854760396322387,0.0919700766207815,0.0,0.2207594586472011,0.0581161746990699,0.075030470361962,0.0825706510520028
L26872,0.003733110123378,0.0264607647722971,0.0027153384830063,0.0063616061926213,0.021258808567907,0.0028693215966565,0.016736111970994,0.0181284194693907,0.0096800677307963,0.0194586879220646,0.0825285982991744,0.0,0.0,0.197311855889249,0.0311566022751014,0.0171172679078996,0.0595501177984847
L26873,0.0063704675187584,0.0833389155747143,0.1602635388089436,0.0724234773826643,0.017347372752204,0.0036213565601181,0.0194354854305379,0.0026960777998191,0.0275272367181784,0.0195555830413005,0.2579756883069167,0.0,0.093511726678579,0.0,0.0178594806603762,0.0060515051826243,0.1796390535368204
L26877,0.0112406094660785,0.0061503250535117,0.0,0.0,0.0,0.0,0.0,0.0072717019317804,0.019004836545306,0.0338214715099434,0.0006005738949433,0.0,0.0,0.0,0.0014041076319077,0.0059554151272984,0.0038521509109166
L26878,0.0,0.0085308249358302,0.0,0.0034098153590079,0.0038581910114492,0.0120880990467032,0.0078246022483036,0.011037972651975,0.0066852146744227,0.0,0.0014359027739471,0.0560507967836342,0.0,0.0,0.0042947326669693,0.0,0.0038521509109166
L26879,0.0,0.0006949386977674,0.004075796691727,0.0,0.0064572183263521,0.0,0.0006645407114488,0.0,0.0,0.0,0.0001375851355474,0.0,0.0,0.0,0.0003324383092615,0.0,0.0003238041369543
L26880,0.0,0.0035624375509856,0.0,0.0163697046392436,0.0088678315294227,0.0,0.0,0.0,0.0,0.0,0.0052012717227076,0.0,0.0,0.0,0.0,0.0,0.002276661480178
L26881,0.0,0.0016557678733064,0.0,0.0164498068039655,0.0010813054773694,0.0,0.0,0.0,0.0,0.0,0.0058774643427589,0.0,0.0,0.0,0.0,0.0,0.0039656140616893
L26883,0.000219118340796,0.0,0.0,0.0,0.0007563995099224,0.0,0.0,0.0,0.0,0.0,0.0,0.0,0.0,0.0,0.0,0.0,0.0
L26884,0.0001935037398017,0.0010455264268603,0.0,0.0012543547226191,0.0,0.0,0.0016812469574636,0.0,0.0,0.0,0.0,0.0,0.0,0.0,0.0011580269129136,0.0,0.0
L26885,0.0095728660456393,0.0061597926603108,0.0,0.0,0.0091703031635226,0.0094544972615448,0.1048048427879721,0.0350285079251258,0.0,0.0059907384316846,0.0096081032701684,0.0,0.0,0.0415103938627747,0.0479003144205849,0.0281223561920644,0.0410320933153706
L26888,0.004036292819737,0.0528050759361263,0.0,0.0017049462922611,0.0,0.0122463346000807,0.0091862857941049,0.0040988355720892,0.0,0.0,0.0081593265468847,0.051539255727266,0.0,0.1210324759044914,0.0264289330620509,0.0220915164577995,0.0399557715065178
L26895,0.0012127209668984,0.0061597926603108,0.0,0.0,0.0018903619924186,0.0,0.0201384223299406,0.0136817426700085,0.0,0.0059907384316846,0.0096081032701684,0.0,0.0,0.0262352523150192,0.0113169747021551,0.0167656985130767,0.037121452480643
L26896,0.0009506700884193,0.0185221560228842,0.0,0.0,0.0112434951760672,0.0,0.0,0.0,0.0,0.0,0.0593393954572095,0.0,0.0,0.0,0.0,0.0,0.0453663782810429
L104530,0.0064734168496175,0.0118471660552245,0.0,0.0100022293075344,0.0229873053757291,0.022013419509143,0.0685314941840456,0.0179592566184436,0.0060657533674028,0.0059907384316846,0.0019699189692474,0.0156559302473776,0.0,0.0519871409174076,0.0331225020488914,0.0326665960383203,0.0188660018673983
L26905,0.0,0.0415875159572371,0.0,0.0,0.0,0.0260626346497027,0.0,0.0,0.0,0.0,0.0065915836132909,0.0630522501581407,0.0,0.0,0.0,0.017904456965654,0.0259194236395421
L26918,0.0,0.0,0.0,0.0,0.0,0.0,0.010719831917738,0.0238794042434457,0.0,0.0,0.0,0.0,0.0,0.0197263636624176,0.0,0.0073481313032946,0.0
L26935,0.0016273008639016,0.0,0.0,0.0041226840816379,0.007728113513808,0.0,0.0,0.0,0.0,0.0,0.0,0.0,0.0,0.0,0.0,0.0,0.0
L26937,0.0137734799476056,0.0203067487835214,0.0448582135549384,0.0432521571547711,0.0779609248284514,0.0074686934625354,0.0052459563512761,0.034868290036159,0.0257585872222785,0.0249994128462628,0.0050799576213557,0.0694249407483885,0.0,0.0300356251273233,0.0114860006876507,0.0130006687502662,0.0128136418188435
L26938,0.059266442856202,0.0057371243394971,0.0,0.0034525596811806,0.0031481051744079,0.0579893543903123,0.0307318021836744,0.0128439899242181,0.0242494598324777,0.0,0.0022058873502222,0.0083998732535828,0.0,0.0359830924614615,0.0198751085013179,0.080638890452772,0.0249012220623216
L26940,0.0,0.001572021472344,0.004075796691727,0.0013551919379343,0.0086385408866337,0.0,0.0007699382039049,0.0,0.0,0.0,0.0,0.0,0.0,0.0,0.0,0.0,0.0022450481777532
L26941,0.0058657122083654,0.0094456758956291,0.0491657734224439,0.0361490315737094,0.125351568168473,0.0,0.0027971189601378,0.0029374261258412,0.0126371308432408,0.0,0.004853118506094,0.0,0.3364471839438516,0.0038968825556735,0.0035053247977581,0.0,0.0053412848698803
L26942,0.0005268980764779,0.0013212832551299,0.0,0.0436444820738633,0.0814037132985266,0.0,0.0,0.0,0.0,0.0,0.0025577468653196,0.0,0.2029314594808671,0.0,0.0,0.0,0.0024977374029966
L26945,0.0,0.0,0.0,0.0013426427918583,0.0023249904635714,0.0,0.0,0.0,0.0,0.0,0.0,0.0,0.0,0.0,0.0,0.0,0.0
L26947,0.0079908207854263,0.0061979084682448,0.0162782719930982,0.0298265980232237,0.0143974783417451,0.0023367329012214,0.0116688528175538,0.0,0.0,0.0110108733790868,0.0051320803759831,0.0,0.0,0.0,0.0043192905353899,0.0076031351377671,0.0122834847500844
L26948,0.0,0.0,0.0,0.036241605658993,0.0,0.0,0.0,0.0,0.0,0.0,0.0,0.0,0.0,0.0,0.0,0.0,0.0
L26950,0.7129340879055922,0.4745444691150011,0.4769437939436646,0.3765458737992614,0.3279754299964915,0.7051631515196348,0.6873915620001712,0.6424120770974742,0.7013275119905459,0.6629259564321305,0.3502412594525991,0.5149374277258958,0.369089840863895,0.5219923684427872,0.619503433130674,0.6822594971667513,0.5610906320385495
L26951,0.0235623872043447,0.1263628515189234,0.1134150252819878,0.0467879273276247,0.0727296595479702,0.0929363575001618,0.0888330256768847,0.1849214996762513,0.0544742041736589,0.2818738028997486,0.0063948107249129,0.1861953391460518,0.0,0.2507250732629778,0.0932501057524873,0.0644764271237195,0.0413049538701103
L26956,0.0297529123474893,0.0312353115984986,0.3038530511766187,0.0433474341330556,0.0758546201317527,0.0346734349813378,0.0571602951544851,0.107598229854602,0.0395360930519282,0.1227468786730302,0.0016014962663915,0.1467224241772298,0.0,0.0295546668391398,0.0617882815389493,0.0240403452699042,0.0212951798558687
L26958,0.0105846683131105,0.0048395624975138,0.0209094450234133,0.0293030669553124,0.0509138378323437,0.0206071141274699,0.0426067718365703,0.0961375617358821,0.0226210871425758,0.2325913637769693,0.0,0.0549137036963417,0.0,0.0186523020837733,0.046541895757755,0.0428367735804843,0.0137013466781612
L26960,0.6571108059014402,0.303626581507227,0.1557035774082499,0.0585536977864059,0.1441108099320908,0.6339318175513867,0.0684655276375337,0.3718563888194601,0.543439924454831,0.2581057015991471,0.1698929245036744,0.2933539393698459,0.2481073573243987,0.6946263498328098,0.3504281135891439,0.7419217212216753,0.3610784987412468
L26961,0.604884714040413,0.2343957598813785,0.0786050887495851,0.0723354016835895,0.1322119187294232,0.4854055286898258,0.057647500954528,0.3108597360021469,0.4603154679147854,0.150791701576251,0.046249636335455,0.1905350008360119,0.1538063484442734,0.4220891013209246,0.3209331551860351,0.5420135887923847,0.2471992594215371
L26962,0.0,0.001742356601148,0.0,0.0008563923409819,0.0,0.0,0.0,0.0031986889556959,0.0041292524244402,0.0,0.0,0.0,0.0,0.0,0.0018361542072268,0.0,0.0068209778148324
L26963,0.0018334155334477,0.1554018623755917,0.0,0.0170790982137294,0.0160691300756607,0.0888383217291873,0.0032158713163137,0.0607763233114175,0.0368077392202766,0.0145139682988911,0.0065912104244332,0.1456025774889477,0.0,0.2685850886694049,0.0175080715213669,0.0036419310220999,0.0081923648149036
L26964,0.0040734638395331,0.0996450483789697,0.0,0.0207334867765689,0.0331671045566065,0.1550588837212169,0.0083144601591623,0.1475318898937758,0.1260529648764838,0.0196523601396847,0.0038053492042123,0.0790849703771173,0.0,0.3155231487208578,0.057011907344794,0.0121333570959044,0.0024654309277369
L26966,0.0021790280583626,0.0284077177877607,0.0,0.0003871894223904,0.0,0.0019953583415779,0.0,0.0157763361951076,0.015438060061908,0.0,0.0015395959636925,0.0151394152126101,0.0,0.0036575982112251,0.0024254669834425,0.0,0.0094187400579086
L26967,0.0468805775590544,0.0158779843136314,0.0042434136215018,0.0128097821867883,0.0506489118674806,0.0287645360036738,0.0053812371907395,0.0491007000260986,0.0307412180359918,0.0075344511717641,0.0,0.0,0.0,0.0056566087905191,0.0454588089469567,0.0196627033639888,0.0283505794811681
L26968,0.025272988541581,0.0044002594075186,0.0,0.0,0.0,0.0121802541508323,0.0012237274076679,0.0094744816431343,0.0079733443355928,0.0,0.0004415144062702,0.0,0.0,0.0019639024599753,0.0017964059831502,0.0037701937473752,0.0072186741759897
L26969,0.0193136251575012,0.0044002594075186,0.0,0.0,0.0,0.0025911303023858,0.0012237274076679,0.0094744816431343,0.0079733443355928,0.0,0.0004415144062702,0.0,0.0,0.005343515895923,0.0017964059831502,0.0084679741660022,0.0016991329798801
L26970,0.0,0.0761191087998172,0.0,0.0,0.0,0.0625792333558327,0.0,0.0,0.0,0.0,0.0332458236738817,0.0824374949576206,0.0,0.0343643051090376,0.0043299663812403,0.1419139990200792,0.0419053016201339
L26973,0.0148574288296528,0.0605286698140658,0.0589966969331586,0.0102910334246891,0.0261246587244391,0.0388637491408617,0.0797377869920126,0.0747101997965849,0.0146995871381859,0.1135378296366645,0.0854760396322387,0.0919700766207815,0.0,0.2207594586472011,0.0561246179049353,0.075030470361962,0.0825706510520028
L26974,0.003733110123378,0.0264607647722971,0.0027153384830063,0.0046566599003601,0.021258808567907,0.0028693215966565,0.016736111970994,0.0181284194693907,0.0096800677307963,0.0194586879220646,0.0825285982991744,0.0,0.0,0.197311855889249,0.0311566022751014,0.0171172679078996,0.0595501177984847
L26975,0.0,0.0,0.0,0.001767692022641,0.0,0.0,0.0,0.0,0.0,0.0,0.0006778559761027,0.0,0.0,0.0,0.0,0.0,0.0037658046814462
L26976,0.05322201362572,0.0652754068233197,0.1459156039926854,0.2384832383855288,0.0124908294151827,0.031018791627755,0.0495025758923393,0.0283092402193466,0.0513303946421871,0.0784019599014714,0.1981648359020032,0.0,0.2152834924196216,0.0,0.0475750833531782,0.0348824209216124,0.1352121970950818
L26977,0.0008202209973392,0.0011846164083878,0.0,0.0043312122766635,0.0065459759945285,0.0,0.0016119326645121,0.0,0.0007664815482419,0.0,0.0007261380842575,0.0,0.0,0.0,0.0005356597098057,0.0,0.0025484730333608
L26978,0.0,0.0,0.0,0.0052468172807456,0.0,0.0,0.0,0.0,0.0,0.0,0.0,0.0,0.0,0.0,0.0,0.0,0.0
L26979,0.0036662694465424,0.0055899367936231,0.0,0.0229029638438057,0.020532190880419,0.0,0.0,0.0,0.0,0.0,0.012947339591119,0.0,0.0,0.0041564784940574,0.0030742784887228,0.0010332533977687,0.0095374112472477
L26980,0.0,0.0,0.0218281308248742,0.0,0.0,0.0,0.0,0.0,0.0,0.0,0.0,0.0,0.0,0.0,0.0,0.0,0.0
L26981,0.0,0.0061503250535117,0.0,0.0,0.0,0.0,0.0,0.0050012276316133,0.0066852146744227,0.0,0.0006005738949433,0.0,0.0,0.0,0.0014041076319077,0.0,0.0038521509109166
L26983,0.0018647602330084,0.0194512288412765,0.0,0.0,0.0,0.0,0.0019183398674387,0.0,0.0,0.0,0.0103938001636064,0.0,0.0,0.0014601401150245,0.0013393337342664,0.0031179339953377,0.0250722601487631
L26984,0.0054900333574904,0.0,0.0,0.0,0.003639970585552,0.0,0.0326285193771389,0.0136370914811936,0.0,0.0,0.007638184300921,0.0,0.0,0.0151646027993032,0.0145836618269929,0.0055263669438036,0.0228309920735362
L26985,0.0084430292460795,0.0021013792931018,0.004075796691727,0.0,0.0064572183263521,0.0038181184948205,0.0263947401506459,0.0341416315095304,0.0,0.0523516893917783,0.007638184300921,0.0,0.0,0.0212955866110973,0.0121850499014593,0.026867431862032,0.0247188251836918
L26989,0.0105846683131105,0.0034584165665647,0.0209094450234133,0.0293030669553124,0.0465982166419403,0.0144055995783672,0.0426067718365703,0.0867291734229351,0.0134426041357488,0.2250569126052052,0.0,0.0353896107692361,0.0,0.0186523020837733,0.0402246588945545,0.0428367735804843,0.0105611674494521
L27009,0.0005087514552123,0.0,0.0,0.0,0.0018903619924186,0.0,0.0,0.007426232591834,0.0,0.0,0.0,0.0,0.0,0.0,0.0010507093702123,0.0019229613387786,0.0018005303021729
L27010,0.0,0.0,0.0,0.0,0.0,0.0,0.0,0.0,0.0,0.0,0.007638184300921,0.0,0.0,0.0,0.0,0.0,0.0207210663870709
L27013,0.0014380367686526,0.0,0.0,0.0043354403735722,0.0135669671585606,0.0085677740689714,0.0042202387254508,0.0463429829718108,0.0,0.1148326364005339,0.0,0.0496038589840877,0.0,0.0112154259996409,0.0018887461546512,0.0057548661282174,0.0017240225058062
L27015,0.0376566505588822,0.0043759667144791,0.5373388790397028,0.030196025577322,0.0175282924251673,0.0175696325816065,0.0911881899343102,0.0150771015231098,0.0053068498379522,0.0234094359323216,0.0,0.023257207533227,0.0,0.0,0.0480260855450697,0.0091869472729596,0.0267478760849304
L27018,0.0025691342684452,0.0061597926603108,0.0,0.0,0.0,0.0051512545730814,0.0091862857941049,0.0025885173927975,0.0,0.0,0.0019699189692474,0.0,0.0,0.0071426230435136,0.0153254220307911,0.0102235957766024,0.0105219800785177
L104520,0.004053272998731,0.0184793779809324,0.0,0.0,0.0091703031635226,0.0043032426884633,0.1211005913227432,0.0438166569916289,0.0,0.0119814768633692,0.0135479412086632,0.0,0.0,0.0711197445451897,0.0537577026303877,0.0495353174699785,0.0615256649991716
L104522,0.0067863532812677,0.013704882275718,0.0,0.0086310516881371,0.0157539717770698,0.022013419509143,0.0758994203407474,0.0242147666966181,0.0060657533674028,0.0119814768633692,0.0030175773807256,0.0156559302473776,0.0,0.0628519842164277,0.0330484671307136,0.0475093332126184,0.0327101190437928
L27022,0.0,0.0,0.0,0.0,0.0,0.0,0.0077171381383482,0.0,0.0,0.0,0.007638184300921,0.0,0.0,0.009441829011321,0.0036612104029853,0.0,0.018920536084898
L27025,3.9274150558512025e-08,0.0112175599788891,0.0,0.0,0.0,0.0,0.0,0.0,0.0,0.0,0.0015677429335938,0.0113808694757445,0.0,0.0532559469253223,0.0043439320762752,0.0,0.003998059171516
L27037,0.0,0.0415875159572371,0.0,0.0,0.0,0.0070950800269992,0.0,0.0,0.0,0.0,0.0065915836132909,0.0401583862515214,0.0,0.0,0.0,0.0072859542663071,0.0259194236395421
L27039,0.0014671585512917,0.0341351086913262,0.0,0.0017049462922611,0.0,0.0070950800269992,0.0,0.0015103181792916,0.0,0.0,0.005851157727053,0.0401583862515214,0.0,0.1105102394250301,0.0,0.011867920681197,0.0208454816686354
L27048,0.0,0.000555225040198,0.0,0.0,0.0,0.0,0.0,0.0,0.0,0.0,0.0,0.0,0.0,0.0,0.0,0.0,0.0
L27058,0.0063704675187584,0.0833389155747143,0.1602635388089436,0.0706557853600233,0.017347372752204,0.0036213565601181,0.0194354854305379,0.0026960777998191,0.0275272367181784,0.0195555830413005,0.257297832330814,0.0,0.093511726678579,0.0,0.0178594806603762,0.0060515051826243,0.1740407632855112
L27067,0.0,0.001572021472344,0.004075796691727,0.0017049462922611,0.0064572183263521,0.0,0.0007699382039049,0.0,0.0,0.0,0.0,0.0,0.0,0.0,0.0,0.0,0.0
L27069,0.0,0.0,0.0,0.0,0.003639970585552,0.0,0.0,0.0,0.0,0.0,0.0024776541389349,0.0,0.0,0.0,0.0,0.0,0.0
L27088,0.0059320619583189,0.0,0.0,0.0128481632674022,0.0036252511157468,0.0,0.0,0.0022704743001671,0.0123196218708833,0.0338214715099434,0.0,0.0,0.0,0.0,0.0,0.0,0.009208976715756
L27110,0.0,0.0,0.0,0.0017049462922611,0.0,0.0,0.0,0.0,0.0,0.0,0.0,0.0,0.0,0.0,0.0,0.0,0.0
L27117,0.0016273008639016,0.0,0.0,0.0041226840816379,0.0031346837610082,0.0,0.0,0.0,0.0,0.0,0.0,0.0,0.0,0.0,0.0,0.0,0.0
L27120,0.0,0.0,0.0,0.0022684029510726,0.0031481051744079,0.0036216031289585,0.0,0.0,0.0,0.0,0.0,0.0,0.0,0.0,0.0,0.0,0.0
L27121,0.0,0.0,0.0,0.0013551919379343,0.0021813225602815,0.0,0.0,0.0,0.0,0.0,0.0,0.0,0.0,0.0,0.0,0.0,0.0
L27122,0.0005268980764779,0.0013212832551299,0.0,0.0097271713319275,0.0437596121995259,0.0,0.0,0.0,0.0,0.0,0.0,0.0,0.2029314594808671,0.0,0.0,0.0,0.0
L27124,0.0005268980764779,0.0013212832551299,0.0,0.0068499803451412,0.0277700554306822,0.0,0.0,0.0,0.0,0.0,0.0025577468653196,0.0,0.1067109536490524,0.0,0.0,0.0,0.0024977374029966
L27125,0.0045468646318278,0.0032613144889487,0.0452210581899416,0.006524011449223,0.0199326602625135,0.0592556703128034,0.021317791372662,0.0654807475337856,0.0178677665098239,0.1861102675898572,0.002846066179252,0.0643056833607911,0.0,0.0590835861415965,0.0151585943491435,0.0134676717448067,0.0075324319279899
L27126,0.0142735950171102,0.1027648824690371,0.0571336668318354,0.0326185899613434,0.0536761018631395,0.0690798975506468,0.0334650212147996,0.130308825732631,0.039774617035473,0.1877946611851488,0.0041692275330354,0.1329279357755793,0.0,0.1382204283804573,0.0393129447015602,0.0296822028740284,0.02933935356097
L27129,0.0018221909812181,0.0057551598237234,0.0,0.0048053576281712,0.0066753897689888,0.004389541782631,0.0024912914535644,0.0,0.0,0.0,0.0003960834609882,0.0465945085127056,0.0,0.00964353651136,0.0011778344673094,0.0,0.0023927217185055
L27130,0.0050925436071028,0.0022727777384362,0.0209094450234133,0.0242641021463422,0.0442091070902657,0.0167889956326494,0.0156791429147679,0.0673070290100209,0.0226210871425758,0.1069169778778175,0.0,0.0549137036963417,0.0,0.0086859322913213,0.0224094333614728,0.0114181404786395,0.0104996737766898
L27131,0.0164094018727832,0.0182955060147613,0.0137306434054405,0.0191562135658469,0.0347720900728687,0.0169140060347723,0.0159255979208471,0.0456983751458157,0.0259453670246485,0.0867587803677978,0.0036750977628456,0.0221356069738591,0.0,0.0161027499840917,0.0134148411661194,0.0370118465419753,0.0116670415268338
L27132,0.0560099422232192,0.0048697034314702,0.0,0.0,0.0,0.0465335194928079,0.0034199737068284,0.0111950248342329,0.0162995506034556,0.0,0.0022058873502222,0.0,0.0,0.0359830924614615,0.0125265286402137,0.0793786404664666,0.023861781669439
L27133,0.0,0.001742356601148,0.0,0.0008563923409819,0.0,0.0,0.0,0.0031986889556959,0.0041292524244402,0.0,0.0,0.0,0.0,0.0,0.0018361542072268,0.0,0.0
L27134,0.0,0.0944606973171323,0.0,0.0063605829545566,0.0057067212993299,0.0656371801154559,0.0015298592548267,0.0478863018030172,0.0265679997492243,0.0084855812155179,0.0038309776824511,0.1000633147461973,0.0,0.2025488209772508,0.0136274262761342,0.0036419310220999,0.002971849137476
L27135,0.0,0.0164371354456338,0.0,0.0003871894223904,0.0,0.0019953583415779,0.0,0.0056837687223023,0.0060763025036939,0.0,0.0,0.0151394152126101,0.0,0.0036575982112251,0.0,0.0,0.0
L27136,0.5967901230943811,0.2528384841146061,0.1380505305080475,0.0449866228998786,0.1093617664833264,0.5452230677478713,0.0584236679957481,0.3307515461348377,0.4887106381596512,0.2087054776663831,0.0715529284661723,0.2279509173330403,0.1538063484442734,0.4664992897430439,0.293710775156699,0.5771634908003094,0.2868649658235526
L27137,0.604884714040413,0.2326534032802304,0.0786050887495851,0.0714790093426075,0.1322119187294232,0.4854055286898258,0.057647500954528,0.3076610470464509,0.4561862154903452,0.150791701576251,0.046249636335455,0.1905350008360119,0.1538063484442734,0.4220891013209246,0.3190970009788082,0.5420135887923847,0.2471992594215371
L27138,0.0210889777867633,0.0133741397137925,0.0042434136215018,0.0128097821867883,0.0368041851297842,0.0191754121552274,0.0043466096319656,0.0441916828050222,0.0254343681980396,0.0075344511717641,0.0,0.0,0.0,0.0056566087905191,0.0411168659933675,0.0120485745500581,0.0122168708406481
L27139,0.0097419294815485,0.0044002594075186,0.0,0.0,0.0,0.0025911303023858,0.0012237274076679,0.0094744816431343,0.0079733443355928,0.0,0.0004415144062702,0.0,0.0,0.0019639024599753,0.0017964059831502,0.0025125590387038,0.0016991329798801
L27140,0.0,0.0082042947432364,0.0,0.0,0.0,0.0,0.0,0.0,0.0,0.0,0.0015395959636925,0.0,0.0,0.0,0.0,0.0,0.0044150118740275
L27142,0.0054900333574904,0.0,0.0,0.0,0.0,0.0,0.0134224545753415,0.0136370914811936,0.0,0.0,0.007638184300921,0.0,0.0,0.0151646027993032,0.0047955085655388,0.0055263669438036,0.0228309920735362
L27147,0.0054753232243987,0.0027381832044119,0.0209094450234133,0.0293030669553124,0.0509138378323437,0.0167889956326494,0.0164382494923135,0.0567010832974737,0.0226210871425758,0.1130502854983412,0.0,0.0159029337586275,0.0,0.0087154936917664,0.0299937984251062,0.0131987926737229,0.0118135135680056
L27149,0.0161072854696118,0.0084128581461459,0.0571336668318354,0.0297540060397688,0.0521287941362138,0.0173673844902035,0.0244598818356228,0.0780965857116932,0.0162558851912126,0.0993825267060533,0.0,0.0458333284614692,0.0,0.0168720347901601,0.0431554695324861,0.0129256816079221,0.0073594945479807
L27150,0.0105846683131105,0.0034584165665647,0.0209094450234133,0.0293030669553124,0.0465982166419403,0.0144055995783672,0.0338548409259874,0.0867291734229351,0.0134426041357488,0.2250569126052052,0.0,0.0353896107692361,0.0,0.0186523020837733,0.0375695071919259,0.036557254228571,0.0105611674494521
L27152,0.0092887921872345,0.0067900939820699,0.0562813584501523,0.0074159661395465,0.0114616421270736,0.0128011144911589,0.0553680044620851,0.045930299972797,0.0146995871381859,0.0940791417145998,0.0022255831918775,0.0289178264626407,0.0,0.0179965311563946,0.0461278463689569,0.0307893307323842,0.010241577803334
L27153,0.0084430292460795,0.0021013792931018,0.0,0.0,0.0,0.0038181184948205,0.0256248019467409,0.0341416315095304,0.0,0.0523516893917783,0.007638184300921,0.0,0.0,0.0212955866110973,0.0101934931073247,0.026867431862032,0.0247188251836918
L27163,0.0056342853487843,0.0230238905896693,0.0562813584501523,0.005634373524329,0.0081894133703483,0.0099317928945024,0.0563067241577046,0.0440518763622201,0.0050195194073895,0.1640816756222856,0.0025638330424617,0.0402986959383853,0.0,0.0313042174955667,0.0339570055733392,0.0479088144936974,0.0205521401671998
L27173,0.00071831243147,0.006040885244465,0.0,0.0,0.0033235632138162,0.0,0.0217740703722619,0.0145543365948701,0.0,0.0863187986327048,0.0022255831918775,0.0,0.0,0.0217936202478248,0.0224414418825549,0.0391732926706796,0.0071957255340015
L27197,0.0105740662561672,0.0,0.4570935986694766,0.0082771078496588,0.0,0.0,0.0388095665248636,0.0,0.0,0.0,0.0,0.0,0.0,0.0,0.0159936189248494,0.0,0.0106141674444104
L27201,0.0257915997722911,0.0025038445998389,0.0,0.0,0.0064111250781436,0.0095891238484464,0.0010346275587739,0.0049090172210763,0.0053068498379522,0.0,0.0,0.0,0.0,0.0,0.0043419429535891,0.0076141288139307,0.01613370864052
L104549,0.0066225250896279,0.0394008668577592,0.0,0.0,0.0128102737490746,0.0094544972615448,0.1779722295766366,0.0464051743844265,0.0,0.0119814768633692,0.0434199094306468,0.0,0.0,0.0935183290415233,0.0952766642599676,0.0707224423916153,0.15206443945398
L104525,0.0063953202012319,0.0094028058359007,0.0,0.0072598740687399,0.0157539717770698,0.022013419509143,0.072630695209431,0.0242147666966181,0.0060657533674028,0.0119814768633692,0.0020953168229564,0.0156559302473776,0.0,0.0651044584842809,0.0321780795287457,0.0475093332126184,0.0265924390084269
L27206,0.0014671585512917,0.0,0.0,0.0,0.0,0.0,0.0,0.0,0.0,0.0,0.0065969468703029,0.0,0.0,0.0,0.0,0.0,0.0148877813024178
L27209,0.003302685070332,0.0,0.0,0.0,0.0,0.0,0.0,0.0,0.0,0.0,0.0065969468703029,0.0,0.0,0.0,0.0,0.0,0.0174061198020684
L27210,0.0,0.0,0.0,0.0,0.0,0.0,0.0026637801034577,0.0,0.0,0.0,0.007638184300921,0.0,0.0,0.009441829011321,0.0019915567941345,0.0,0.018920536084898
L27223,0.0,0.0090940657467954,0.0,0.0028984280032225,0.0099369646665372,0.007083121438236,0.0,0.0224133507422662,0.0,0.0,0.0,0.0,0.0,0.0056566087905191,0.0008561442664816,0.0,0.0
L27242,0.0,0.0007452417490108,0.0,0.0017815926152175,0.0065957919705414,0.0028693215966565,0.0095763112974981,0.0081067675079225,0.0096800677307963,0.0,0.0022255831918775,0.0,0.0,0.0118655473446005,0.0259774896880723,0.0131007720679979,0.0040813554405127
L27249,0.0,0.0325630872189821,0.0,0.0,0.0,0.0260626346497027,0.0,0.0,0.0,0.0,0.0046216646440434,0.0630522501581407,0.0,0.0,0.0,0.017904456965654,0.0161425304201324
L27250,0.0014671585512917,0.0325630872189821,0.0,0.0,0.0,0.0070950800269992,0.0,0.0015103181792916,0.0,0.0,0.005851157727053,0.0401583862515214,0.0,0.1105102394250301,0.0,0.011867920681197,0.0208454816686354
L27255,0.0009506700884193,0.0230621904331567,0.0,0.0,0.0112434951760672,0.0,0.0,0.0072230383937645,0.0,0.0,0.0629638141731801,0.0,0.0,0.1614021684363338,0.0,0.0,0.0296660228123087
L27256,0.0009506700884193,0.0230621904331567,0.0,0.0,0.0112434951760672,0.0189675546227034,0.0,0.0072230383937645,0.0,0.0,0.0629638141731801,0.0228938639066192,0.0,0.1614021684363338,0.0028039517714042,0.0112933869804441,0.0318031855700344
L27263,0.0229797080518286,0.0007548218219813,0.0,0.0,0.0,0.0095891238484464,0.0,0.0,0.0,0.0,0.0,0.0,0.0,0.0,0.0017964059831502,0.0012576347086713,0.0055195411961095
L27277,0.0445745781356436,0.0409427371719494,0.1459156039926854,0.1772800876540477,0.0066186181699731,0.0284771600200953,0.0449429452414651,0.0269449678699174,0.04987150918314,0.0739587108771203,0.1459200975658125,0.0,0.2152834924196216,0.0,0.0428715536462242,0.0268303139398292,0.1006936594422545
L27279,0.0,0.001572021472344,0.0,0.0,0.0,0.0,0.0,0.0,0.0,0.0,0.0012294930830095,0.0,0.0,0.0473257606668191,0.0,0.0,0.0028135469465882
L27284,0.0063704675187584,0.0833389155747143,0.1602635388089436,0.0706557853600233,0.017347372752204,0.0036213565601181,0.0194354854305379,0.0026960777998191,0.0275272367181784,0.0195555830413005,0.257297832330814,0.0,0.093511726678579,0.0,0.0178594806603762,0.0060515051826243,0.1695585321311049
L27299,0.0,0.001572021472344,0.0,0.0017049462922611,0.0,0.0,0.0,0.0,0.0,0.0,0.0,0.0,0.0,0.0,0.0,0.0,0.0
L27300,0.0,0.001572021472344,0.004075796691727,0.0,0.0064572183263521,0.0,0.0007699382039049,0.0,0.0,0.0,0.0,0.0,0.0,0.0,0.0,0.0,0.0
L27304,0.0018647602330084,0.0131992343687475,0.0,0.0,0.0,0.0,0.0019183398674387,0.0,0.0,0.0,0.009072455706433,0.0,0.0,0.0014601401150245,0.0009831932977016,0.0031179339953377,0.0215459050914131
L27317,0.0,0.0,0.0,0.0,0.0131861712907885,0.0,0.0,0.0,0.0,0.0,0.0,0.0,0.0,0.0,0.0,0.0,0.0
L27322,0.0,0.0,0.0,0.0,0.0,0.0,0.0,0.0,0.0,0.0,0.0,0.0,0.0,0.0,0.0,0.0,0.0068209778148324
L27324,0.0,0.0,0.0,0.0,0.0,0.0,0.005359915958869,0.005121156381126,0.0,0.0,0.0,0.0,0.0,0.0070017949372177,0.0,0.001248324320294,0.0
L27326,0.0,0.0,0.0,0.0,0.0,0.0,0.0,0.0136370914811936,0.0,0.0,0.0013509266047959,0.0,0.0,0.0102214318222557,0.0,0.0048514826627064,0.0010216350933295
L27329,0.0009506700884193,0.0185221560228842,0.0,0.0,0.0112434951760672,0.0,0.0,0.0,0.0,0.0,0.049475627964411,0.0,0.0,0.0,0.0,0.0,0.0183189082757059
L27337,0.0007365709840646,0.0643693588974884,0.0,0.0,0.0019730457362826,0.0036213565601181,0.0122542533828644,0.0,0.0,0.0080169204134648,0.1819799912725413,0.0,0.0,0.0014601401150245,0.0044126956291702,0.0084945548968648,0.0816433567815065
L27338,0.0119979014919779,0.0169493677357345,0.0358351608815739,0.0341936429385288,0.064356754883478,0.0030032084770367,0.0052459563512761,0.0212311985549653,0.0257585872222785,0.021436363333801,0.0028572085322889,0.0597225259017528,0.0,0.0145229637405527,0.0083472107285625,0.005729283957906,0.0093489052053661
L27345,0.0,0.0,0.0,0.0,0.0,0.0,0.0,0.0,0.0,0.0,0.0013509266047959,0.0,0.0,0.0044986580342735,0.0,0.0,0.0010216350933295
L27362,0.0,0.0,0.0,0.0,0.0035933630131073,0.0,0.0,0.0,0.0,0.0,0.0,0.0,0.0,0.0,0.0,0.0,0.0
L27372,0.0,0.0,0.0,0.0,0.0,0.0,0.0,0.0,0.0,0.0,0.0,0.0,0.0,0.0,0.0,0.0,0.0022450481777532
L27373,0.0021990382380722,0.0,0.0,0.0,0.0,0.0,0.0,0.0,0.0,0.0,0.0,0.0,0.0,0.0,0.0,0.0,0.0
L27377,0.0,0.0,0.0,0.0,0.0045934297527998,0.0,0.0,0.0,0.0,0.0,0.0,0.0,0.0,0.0,0.0,0.0,0.0
L27378,0.0016273008639016,0.0,0.0,0.0,0.0,0.0,0.0,0.0,0.0,0.0,0.0,0.0,0.0,0.0,0.0,0.0,0.0
L27379,0.0,0.0,0.0,0.0041226840816379,0.0031346837610082,0.0,0.0,0.0,0.0,0.0,0.0,0.0,0.0,0.0,0.0,0.0,0.0
L27380,0.0011465695514051,0.0029273922016296,0.0066684206171612,0.0025446193093942,0.0035109241855461,0.0136675573966029,0.0016957567571841,0.0,0.0,0.0,0.0006611563078478,0.0208117266159291,0.0,0.0,0.0,0.0,0.0018239872709067
L27384,0.0036545068384502,0.001381145930949,0.0,0.0092112662835547,0.0255046775952402,0.0123955087485706,0.0016268308607892,0.0253567585813658,0.0226210871425758,0.0075344511717641,0.0,0.0,0.0,0.0,0.0224272403833011,0.0042358558177469,0.0087756512708836
L27386,0.0146692487009592,0.0084128581461459,0.0,0.0092112662835547,0.0269844129141917,0.0129738976061247,0.0026614584195631,0.0337971952574768,0.0162558851912126,0.0,0.0,0.0,0.0,0.0056566087905191,0.0322877437037554,0.0057433018460246,0.0056354720421745
L27387,0.0054900333574904,0.0,0.0,0.0,0.0,0.0,0.0126525163714365,0.0136370914811936,0.0,0.0,0.007638184300921,0.0,0.0,0.0151646027993032,0.0028039517714042,0.0055263669438036,0.0228309920735362
L27388,0.0036545068384502,0.0022727777384362,0.0209094450234133,0.0242641021463422,0.0442091070902657,0.0167889956326494,0.0138726989359047,0.0567010832974737,0.0226210871425758,0.0498353668129377,0.0,0.0159029337586275,0.0,0.0048801077111087,0.0205206872068216,0.0074088532949074,0.0104996737766898
L27389,0.0050925436071028,0.0008916318074871,0.0209094450234133,0.0242641021463422,0.0398934858998622,0.0105874810835467,0.0156791429147679,0.0578986406970739,0.0134426041357488,0.0993825267060533,0.0,0.0353896107692361,0.0,0.0086859322913213,0.0160921964982723,0.0114181404786395,0.0073594945479807
L27390,0.0054753232243987,0.0013570372734628,0.0209094450234133,0.0293030669553124,0.0465982166419403,0.0105874810835467,0.0164382494923135,0.0517466786767198,0.0134426041357488,0.1055158343265771,0.0,0.0159029337586275,0.0,0.0087154936917664,0.0236765615619056,0.0131987926737229,0.0086733343392965
L27393,0.0073258151585093,0.0021013792931018,0.0,0.0017815926152175,0.0052076063656196,0.0038181184948205,0.0259889092261828,0.0309502126361023,0.0068667866753325,0.0624594672137483,0.0,0.0,0.0,0.0061309838117941,0.0178608764692209,0.0216238002057224,0.0032799505991432
L27401,0.0,0.0109381531121451,0.0,0.0,0.0,0.0,0.0,0.0,0.0,0.0,0.0003382498505842,0.0113808694757445,0.0,0.0033796134359476,0.007540440822904,0.0,0.0085883097593647
L27404,0.0036713083200591,0.0021013792931018,0.0,0.0,0.0,0.0038181184948205,0.0269276289218023,0.0288305327258612,0.0,0.1256743858991519,0.0,0.0,0.0,0.0099663697924519,0.0241324623962821,0.0314186331018448,0.0032016729014713
L27405,0.0051093450887117,0.0021013792931018,0.0,0.0,0.0,0.0038181184948205,0.0261685223442568,0.0349824947462152,0.0,0.1195410782786281,0.0,0.0,0.0,0.0099368083920068,0.0165480973326488,0.0296379809067614,0.0018878331101555
L27411,0.0056342853487843,0.006044852233059,0.0562813584501523,0.005634373524329,0.0048658501565321,0.0099317928945024,0.0537411736012958,0.0378235324648744,0.0050195194073895,0.0940791417145998,0.0022255831918775,0.0289178264626407,0.0,0.0179965311563946,0.0228055083835131,0.0307893307323842,0.0088494603143463
L27425,0.00071831243147,0.0,0.0,0.0,0.0,0.0,0.0192085198158531,0.0083259926975244,0.0,0.016316264725019,0.0022255831918775,0.0,0.0,0.0118655473446005,0.0112899446927289,0.0220538089093664,0.0040813554405127
L27428,0.00071831243147,0.0,0.0,0.0,0.0,0.0,0.0217740703722619,0.0083259926975244,0.0,0.0795311834104225,0.0,0.0,0.0,0.0038353859806577,0.0224414418825549,0.025027389089404,0.0013138397913157
L27429,0.0009292853134402,0.0021013792931018,0.0,0.0,0.0,0.0,0.01837710191521,0.0118187978928172,0.0,0.0755949519649232,0.0,0.0,0.0,0.0038058245802126,0.0099197320156553,0.0232467368943207,0.0
L27439,0.0,0.0169790383566102,0.0,0.0,0.0033235632138162,0.0,0.0025655505564087,0.0062283438973457,0.0,0.0700025339076857,0.0003382498505842,0.0113808694757445,0.0,0.013307686339172,0.0076817902390182,0.0131145902440063,0.0117026798528534
L27440,0.0,0.006040885244465,0.0,0.0,0.0033235632138162,0.0,0.0025655505564087,0.0062283438973457,0.0,0.0700025339076857,0.0,0.0,0.0,0.0099280729032243,0.0076817902390182,0.0131145902440063,0.0031143700934887
L27441,0.0,0.0,0.0,0.0,0.0018903619924186,0.0,0.0,0.007426232591834,0.0,0.0,0.0,0.0,0.0,0.0,0.0010507093702123,0.0019229613387786,0.0018005303021729
L27442,0.000733607749405,0.0,0.0,0.0,0.0018903619924186,0.0051512545730814,0.0141527067669068,0.0100147499846316,0.0,0.0,0.0,0.0,0.0,0.0,0.0086777473908966,0.0019229613387786,0.0018006227252175
L27443,0.0009292853134402,0.0,0.0,0.0,0.0,0.0043934868840787,0.0067857892818596,0.0201611344714907,0.0,0.1546381191536158,0.0,0.0,0.0,0.0087773938083836,0.0037211160844925,0.011544710406028,0.0031143700934887
L27448,0.0124527786311616,0.0076676163971351,0.0571336668318354,0.023636973050979,0.0379410866079153,0.0144980628935469,0.0228330509748336,0.0641547397439385,0.0065758174604162,0.0993825267060533,0.0,0.0458333284614692,0.0,0.0131281103265646,0.0198331315470423,0.0129256816079221,0.0042433545531868
L27449,0.0032588531546011,0.0013570372734628,0.0209094450234133,0.0231860339665226,0.0337986947185636,0.0105874810835467,0.0166178626103875,0.0499438823270005,0.0065758174604162,0.1625974453914568,0.0,0.0353896107692361,0.0,0.0087773938083836,0.0188940754745257,0.017208079857455,0.0055571943445026
L27453,0.0014380367686526,0.0,0.0,0.0043354403735722,0.0108423222718926,0.0043934868840787,0.0042202387254508,0.039496221949906,0.0,0.0914232004682123,0.0,0.0263466514508606,0.0,0.0112154259996409,0.0018887461546512,0.0057548661282174,0.0017240225058062
L27467,0.009558075400539,0.0,0.2720472041998127,0.0082771078496588,0.0,0.0,0.0343216993840332,0.0,0.0,0.0,0.0,0.0,0.0,0.0,0.0141087521299301,0.0,0.0106141674444104
L27471,0.027082584302715,0.0043759667144791,0.080245280370226,0.0219189177276631,0.0175282924251673,0.0175696325816065,0.0523786234094465,0.0150771015231098,0.0053068498379522,0.0234094359323216,0.0,0.023257207533227,0.0,0.0,0.0320324666202203,0.0091869472729596,0.01613370864052
L27472,0.0066944478415457,0.0,0.0,0.0,0.0,0.0,0.0,0.0,0.0,0.0,0.0,0.0,0.0,0.0,0.0,0.0,0.0106141674444104
L27473,0.0025692520908969,0.0209214888768267,0.0,0.0,0.0,0.0051512545730814,0.0275588573823148,0.0025885173927975,0.0,0.0,0.0069574153192204,0.0,0.0,0.0142852460870272,0.0263777939728791,0.0151903408572176,0.0319766358979414
L27474,0.0040533122728815,0.0134861253479935,0.0,0.0,0.0,0.0043032426884633,0.0950415910104956,0.0227533329186012,0.0,0.0119814768633692,0.005112894203682,0.0,0.0,0.0733283356420396,0.0349711728961944,0.0487576575329125,0.0375780223212466
L104529,0.0,0.0073263326876827,0.0,0.0,0.0,0.0,0.0355825534446415,0.005121156381126,0.0,0.0,0.0031429752344346,0.0,0.0,0.0680323822670147,0.0080548287101799,0.0347841720734758,0.0163418407159344
L27488,0.0,0.0,0.0,0.0,0.0,0.0,0.0026637801034577,0.0,0.0,0.0,0.007638184300921,0.0,0.0,0.009441829011321,0.0,0.0,0.018920536084898
L27507,0.0028840108431331,0.0032613144889487,0.0452210581899416,0.006524011449223,0.0135579052553527,0.0356486763876432,0.0003792953238955,0.0353048630776632,0.0178677665098239,0.0314721484362414,0.002846066179252,0.0190385629481871,0.0,0.0503061923332128,0.0044157610840172,0.0,0.0044180618345012
L27510,3.9274150558512025e-08,0.0,0.0,0.0,0.0044843930147421,0.0110595371286442,0.0141527067669068,0.0,0.0,0.0,0.0,0.0156559302473776,0.0,0.0,0.0076270380206843,0.0,9.242304465659247e-08
L27517,0.5362755143504017,0.1630156177007857,0.049755175161086,0.0278297199804781,0.0625590447284521,0.4186061463447712,0.0433514497718848,0.1923860704487537,0.3356661390651911,0.0905802955454563,0.0410039594036971,0.1112734741029241,0.1538063484442734,0.3983567643565979,0.2702623693898497,0.5141126848002728,0.2052215073766969
L27518,0.0036824307594973,0.0735294525111396,0.0,0.0160766917315587,0.0232301398900693,0.1459804039414029,0.0083144601591623,0.1194347704292072,0.1199766623727899,0.0196523601396847,0.0038053492042123,0.0639455551645072,0.0,0.3002803617144353,0.0552853754763444,0.0121333570959044,0.0024654309277369
L27521,0.0074486489917961,0.0007548218219813,0.0,0.0,0.0,0.0,0.0,0.0,0.0,0.0,0.0,0.0,0.0,0.0033796134359476,0.0017964059831502,0.0,0.0
L27523,0.0084670944818343,0.0174247213457875,0.0,0.0095702104740849,0.0148736691095026,0.0069320363812324,0.0,0.0056019941007423,0.0065758174604162,0.0,0.0003382498505842,0.0113808694757445,0.0,0.0090362222264668,0.005267736940434,0.0042358558177469,0.0110583202489643
L27534,0.0,0.0,0.0,0.0017815926152175,0.0052076063656196,0.0,0.0095763112974981,0.0021196799102411,0.0068667866753325,0.0,0.0,0.0,0.0,0.0,0.0075350629653933,0.0062795193519132,0.0
L27538,0.0,0.0,0.0,0.0,0.0,0.0,0.0087519309105828,0.0,0.0,0.0,0.0022255831918775,0.0,0.0,0.0118655473446005,0.0026551517026285,0.0131007720679979,0.0040813554405127
L27541,0.0,0.0325630872189821,0.0,0.0,0.0,0.0070950800269992,0.0,0.0,0.0,0.0,0.0046216646440434,0.0401583862515214,0.0,0.0,0.0,0.0072859542663071,0.0161425304201324
L27552,0.0010159908556282,0.0,0.1850463944696639,0.0,0.0,0.0,0.0044878671408304,0.0,0.0,0.0,0.0,0.0,0.0,0.0,0.0018848667949193,0.0,0.0
L27562,0.0,0.077652822249316,0.0,0.003942652101394,0.0057067212993299,0.0545818346570998,0.0015298592548267,0.0450390062920261,0.0265679997492243,0.0084855812155179,0.0038309776824511,0.0757137378383656,0.0,0.1117846317147206,0.0092878185449718,0.0036419310220999,0.002971849137476
L27581,0.0,0.0679148140565807,0.0,0.0,0.0,0.0625792333558327,0.0,0.0,0.0,0.0,0.0317062277101892,0.0824374949576206,0.0,0.0343643051090376,0.0043299663812403,0.1419139990200792,0.0374902897461063
L27585,0.0,0.0,0.0,0.0,0.0,0.0,0.0,0.0,0.0,0.0,0.0012294930830095,0.0,0.0,0.0473257606668191,0.0,0.0,0.0028135469465882
L27587,0.0,0.0,0.0,0.0,0.0,0.0,0.0,0.0,0.0,0.0,0.0,0.0,0.0,0.0141096342772097,0.0,0.0,0.0
L27595,0.0,0.0045400344102725,0.0,0.0,0.0,0.0,0.0,0.0015103181792916,0.0,0.0,0.0016742233109792,0.0,0.0,0.0876711694893557,0.0,0.0,0.0060748835445376
L27600,0.0228418302551703,0.0032067377231891,0.0,0.0035350944496034,0.0026265803989809,0.0086227589203983,0.004310810483674,0.0069262717950624,0.0160896027612564,0.0102750133688119,0.0,0.0,0.0,0.0,0.0195270804905454,0.0030414822975185,0.0077983931024459
L27603,0.000703969511686,0.0,0.0,0.0,0.0,0.0,0.009152559060276,0.0062555100781745,0.0,0.0059907384316846,0.0,0.0,0.0,0.0026837890264884,0.0045913477514124,0.0038792080292637,0.0048354258195614
L27618,0.0049873026295587,0.0045185840441122,0.0,0.0072598740687399,0.0112695787623277,0.0109538823804988,0.0013215917460143,0.006582590159143,0.0060657533674028,0.0,0.0,0.0,0.0,0.0025505728225555,0.0056574870847937,0.0,0.0024654309277369
L27620,0.0,0.0045400344102725,0.0,0.0,0.0,0.0,0.0,0.0,0.0,0.0,0.0,0.0,0.0,0.0679654260115098,0.0028039517714042,0.0,0.0
L27623,0.0,0.0045400344102725,0.0,0.0,0.0,0.0,0.0,0.0,0.0,0.0,0.0,0.0,0.0,0.0679654260115098,0.0,0.0,0.0
L27628,0.0,0.0,0.0,0.0,0.0,0.0,0.0,0.0,0.0,0.0,0.0029479168822942,0.0,0.0,0.0,0.0,0.0006748842810972,0.0068116569507788
L27633,0.0,0.0,0.0,0.0199776420552234,0.0,0.0,0.0,0.0,0.0,0.0,0.0,0.0,0.0,0.0,0.0,0.0,0.0
L27639,0.0,0.0045400344102725,0.0,0.0,0.0,0.0189675546227034,0.0,0.0,0.0,0.0,0.0016742233109792,0.0228938639066192,0.0,0.0,0.0,0.0106185026993469,0.0039377207868119
L27643,0.0,0.0,0.0,0.0,0.0171469332498985,0.0,0.0,0.0,0.0,0.0,0.0,0.0,0.0,0.0,0.0,0.0,0.0
L27645,0.0014671585512917,0.0,0.0,0.0,0.0,0.0,0.0,0.0,0.0,0.0,0.0012294930830095,0.0,0.0,0.0,0.0,0.0,0.0025657884907772
L27646,0.0,0.0,0.0,0.0,0.0,0.0,0.0,0.0,0.0,0.0,0.0,0.0,0.0,0.0,0.0,0.0,0.0037658046814462
L27647,0.0,0.0,0.0,0.0,0.0,0.0,0.0,0.0,0.0,0.0,0.0,0.0,0.0,0.0,0.0,0.0,0.0044822311544062
L27652,0.0,0.0,0.0,0.0,0.0,0.0,0.0,0.0,0.0,0.0,0.0029479168822942,0.0,0.0,0.0,0.0,0.0,0.0046744941930531
L27657,0.0009506700884193,0.0185221560228842,0.0,0.0,0.0112434951760672,0.0,0.0,0.0,0.0,0.0,0.048124701359615,0.0,0.0,0.0,0.0,0.0,0.0172972731823764
L27661,0.0042631481681931,0.0,0.0,0.0128481632674022,0.0036252511157468,0.0,0.0,0.0,0.0,0.0,0.0,0.0,0.0,0.0,0.0,0.0,0.009208976715756
L27662,0.0025588208765086,0.0314558884333615,0.1317364946586629,0.0583456522508447,0.0,0.0,0.0054529746144474,0.0,0.0179585024352647,0.0083605971335803,0.138332472891332,0.0,0.093511726678579,0.0,0.0019422128596621,0.0,0.0751138119322374
L27664,0.0004169383097442,0.0606427002877483,0.0,0.0,0.0019730457362826,0.0036213565601181,0.0103359135154256,0.0,0.0,0.0080169204134648,0.1791933708795585,0.0,0.0,0.0,0.0034295023314685,0.0060515051826243,0.0766967460392231
L27669,0.0,0.0,0.0,0.0,0.0,0.0,0.0,0.0,0.0,0.0,0.0024776541389349,0.0,0.0,0.0,0.0,0.0,0.0
L27676,0.0,0.0,0.0,0.0,0.0,0.0,0.0,0.0,0.0,0.0,0.0013509266047959,0.0,0.0,0.0,0.0,0.0,0.0010216350933295
L27679,0.0018647602330084,0.0131992343687475,0.0,0.0,0.0,0.0,0.0019183398674387,0.0,0.0,0.0,0.0061245388241387,0.0,0.0,0.0014601401150245,0.0009831932977016,0.0024430497142405,0.0147342481406343
L27683,0.0029194164898615,0.0057096825936562,0.0,0.0,0.0048045231142822,0.0,0.0012805782290257,0.0026960777998191,0.0095687342829136,0.0031780654942553,0.0091672925914584,0.0,0.0,0.0,0.0067315486792746,0.0,0.0224989761490641
L27685,0.0,0.0,0.004075796691727,0.0,0.0064572183263521,0.0,0.0007699382039049,0.0,0.0,0.0,0.0,0.0,0.0,0.0,0.0,0.0,0.0
L27690,0.0,0.0,0.004075796691727,0.0,0.0064572183263521,0.0,0.0,0.0,0.0,0.0,0.0,0.0,0.0,0.0,0.0,0.0,0.0
L27693,0.005354040720059,0.0062333250880634,0.0221045174761334,0.0150374293726818,0.0287798208559702,0.0,0.001567469954222,0.0095757474472808,0.015075082976802,0.0,0.0013711662359295,0.0375869189278936,0.0,0.0045129006790275,0.004996843532331,0.0,0.0035551818049783
L27695,0.0016689137901258,0.0,0.0,0.0,0.0,0.0,0.0,0.0022704743001671,0.0123196218708833,0.0338214715099434,0.0,0.0,0.0,0.0,0.0,0.0,0.0
L27697,0.0,0.0,0.0,0.0,0.0,0.0,0.0,0.0,0.0,0.0,0.0,0.0,0.0,0.0044986580342735,0.0,0.0,0.0
L27700,0.0003910330800358,0.0005843946754007,0.0,0.0013711776193972,0.0,0.0,0.0,0.0,0.0,0.0,0.0,0.0,0.0,0.0059285800046782,0.0008703876019679,0.0,0.0
L27703,0.0086173220351356,0.0,0.0,0.0,0.0,0.0100624743799564,0.0088756613002088,0.0116942678254134,0.0071142573947192,0.0262179781399418,0.001233229236602,0.0,0.0,0.0,0.008596843724017,0.0171227457257804,0.0026432066541338
L27704,0.0,0.0,0.0,0.0,0.0026103179564673,0.0,0.0,0.0,0.0,0.0,0.0,0.0,0.0,0.0,0.0,0.0,0.0
L27711,0.0,0.0,0.0,0.0,0.0020892585220158,0.0,0.0,0.0,0.0,0.0,0.0,0.0,0.0,0.0,0.0,0.0,0.0
L27712,0.0066438607719188,0.0103934692194739,0.0137306434054405,0.0191562135658469,0.0314485268590525,0.0030032084770367,0.003678486397054,0.0116554511076844,0.0106835042454765,0.021436363333801,0.0014860422963593,0.0221356069738591,0.0,0.0100100630615251,0.0033503671962314,0.005729283957906,0.0057937234003878
L27713,0.0,0.0048697034314702,0.0,0.0,0.0,0.0097078467451372,0.0,0.0,0.0,0.0,0.0,0.0,0.0,0.0105731934973591,0.0,0.0,0.0
L27714,0.0005268980764779,0.0013212832551299,0.0,0.0068499803451412,0.0256807969086664,0.0,0.0,0.0,0.0,0.0,0.0,0.0,0.1067109536490524,0.0,0.0,0.0,0.0
L27716,0.0095716956759526,0.0,0.0,0.0,0.0,0.0,0.0,0.0,0.0,0.0,0.0,0.0,0.0,0.0,0.0,0.0059554151272984,0.0
L27718,0.0036545068384502,0.0022727777384362,0.0,0.0092112662835547,0.027629130589985,0.0123955087485706,0.0016268308607892,0.0253567585813658,0.0226210871425758,0.0075344511717641,0.0,0.0,0.0,0.0,0.0156426433613395,0.0042358558177469,0.0087756512708836
L27721,0.0036545068384502,0.0,0.0,0.0092112662835547,0.0211890564048368,0.006193994199468,0.0016268308607892,0.0204023539606119,0.0134426041357488,0.0,0.0,0.0,0.0,0.0,0.0161100035201005,0.0042358558177469,0.0056354720421745
L27723,0.0036545068384502,0.0007452417490108,0.0,0.0017815926152175,0.0065957919705414,0.0028693215966565,0.0016268308607892,0.0081067675079225,0.0096800677307963,0.0,0.0,0.0,0.0,0.0,0.0233223379854437,0.0,0.0013921174889876
L27726,0.0036545068384502,0.0008916318074871,0.0209094450234133,0.0242641021463422,0.0398934858998622,0.0105874810835467,0.0138726989359047,0.0517466786767198,0.0134426041357488,0.0423009156411736,0.0,0.0159029337586275,0.0,0.0048801077111087,0.0142034503436211,0.0074088532949074,0.0073594945479807
L27731,0.0066075027270393,0.0021013792931018,0.0,0.0,0.0,0.0038181184948205,0.0137747360491782,0.0205045400283367,0.0,0.0523516893917783,0.0,0.0,0.0,0.0061309838117941,0.0053758341583755,0.0153442808538092,0.0032799505991432
L27735,0.0,0.0,0.0,0.0,0.0,0.0,0.0,0.0,0.0,0.0,0.0,0.0,0.0,0.0,0.007540440822904,0.0,0.0
L27739,0.0036713083200591,0.0021013792931018,0.0,0.0,0.0,0.0038181184948205,0.0243620783653935,0.0288305327258612,0.0,0.0624594672137483,0.0,0.0,0.0,0.0061309838117941,0.0146593511779976,0.0256286937230293,0.0018878331101555
L27765,0.0,0.0021013792931018,0.0,0.0,0.0,0.0,0.0165706579363468,0.0056668358724632,0.0,0.0185133409000435,0.0,0.0,0.0,0.0,0.008030985861004,0.0192374497105886,0.0
L27766,0.0,0.0,0.0,0.0,0.0,0.0,0.0165706579363468,0.0,0.0,0.006208486903049,0.0,0.0,0.0,0.0,0.008030985861004,0.0192374497105886,0.0
L27768,0.00071831243147,0.0,0.0,0.0,0.0,0.0,0.0192085198158531,0.0083259926975244,0.0,0.016316264725019,0.0,0.0,0.0,0.0,0.0129683306642704,0.0192374497105886,0.0
L27776,0.0034617473438015,0.0,0.0,0.0,0.0,0.0038181184948205,0.0051535585495403,0.0148377041558735,0.0,0.0338383484917348,0.0,0.0,0.0,0.0061309838117941,0.0,0.0063912440124407,0.0018878331101555
L27784,0.0,0.0,0.0,0.0,0.0,0.0,0.0025655505564087,0.0,0.0,0.0632149186854034,0.0,0.0,0.0,0.0038353859806577,0.0018323699298413,0.0057899393788154,0.0031143700934887
L27793,0.0014380367686526,0.0,0.0,0.0,0.0032504067141355,0.0043934868840787,0.0042202387254508,0.0336611434900738,0.0,0.0914232004682123,0.0,0.0263466514508606,0.0,0.0074715015360455,0.0018887461546512,0.0057548661282174,0.0
L27794,0.0014380367686526,0.0008916318074871,0.0209094450234133,0.0181470691575524,0.0270939639764855,0.0105874810835467,0.0140523120539787,0.0499438823270005,0.0065758174604162,0.0993825267060533,0.0,0.0353896107692361,0.0,0.0049420078277259,0.0112122852355075,0.0114181404786395,0.0042433545531868
L27795,0.0014380367686526,0.0,0.0,0.0,0.0,0.0,0.0018064439788632,0.006151962020354,0.0,0.0570816110648797,0.0,0.0,0.0,0.0038058245802126,0.0035671321261927,0.004009287183732,0.0
L27797,0.0014380367686526,0.0,0.0,0.0043354403735722,0.007591915557757,0.0043934868840787,0.0042202387254508,0.0326931182321515,0.0,0.0914232004682123,0.0,0.0159029337586275,0.0,0.0086859322913213,0.0018887461546512,0.0057547710272125,0.0017240225058062
L27808,0.0009292853134402,0.0,0.0,0.0,0.0,0.0043934868840787,0.0067857892818596,0.0201611344714907,0.0,0.1546381191536158,0.0,0.0,0.0,0.0087773938083836,0.0037211160844925,0.011544710406028,0.0013138397913157
L27816,0.0,0.0,0.0,0.0,0.0,0.0,0.0025655505564087,0.0,0.0,0.0632149186854034,0.0,0.0,0.0,0.0038353859806577,0.0094731112182845,0.0057899393788154,0.0013138397913157
L27817,0.0,0.0,0.0,0.0043354403735722,0.007591915557757,0.0,0.0025655505564087,0.0058350784598321,0.0,0.0632149186854034,0.0,0.0,0.0,0.0075793104442532,0.0018323699298413,0.0057899393788154,0.003037862297122
L27819,0.0,0.0,0.0,0.0,0.0,0.0,0.0025655505564087,0.0,0.0,0.0632149186854034,0.0,0.0,0.0,0.0038353859806577,0.0076817902390182,0.0057899393788154,0.0013138397913157
L27820,0.0018208163859485,0.0013570372734628,0.0209094450234133,0.0231860339665226,0.0337986947185636,0.0105874810835467,0.0148114186315242,0.0437919203066465,0.0065758174604162,0.1055158343265771,0.0,0.0159029337586275,0.0,0.0049715692281709,0.015326943348333,0.0131987926737229,0.0055571943445026
L27821,0.0023750139244797,0.0,0.2358399021258437,0.0,0.0,0.0,0.0119270814565663,0.0,0.0,0.0,0.0,0.0,0.0,0.0,0.0043619520825593,0.0,0.0
L27822,0.0212283597833879,0.0029360929936231,0.0,0.0,0.0,0.0095891238484464,0.0,0.0015783992788078,0.0053068498379522,0.0,0.0,0.0,0.0,0.0,0.0034148444369521,0.0061066827856529,0.01613370864052
L27826,0.0056784569859175,0.0,0.0,0.0,0.0,0.0,0.0,0.0,0.0,0.0,0.0,0.0,0.0,0.0,0.0,0.0,0.0106141674444104
L27827,1.570966022340481e-07,0.0134861253479935,0.0,0.0,0.0,0.0,0.0275588573823148,0.0,0.0,0.0,0.005112894203682,0.0,0.0,0.0051011456451111,0.0172873017229765,0.0145154565761203,0.0243457595639355
L27828,0.0033493427611955,0.0122105544794712,0.0,0.0,0.0,0.0043032426884633,0.0826203068189033,0.0164978228404266,0.0,0.0059907384316846,0.005238292057391,0.0,0.0,0.0988638151699707,0.0365658065337591,0.0399117044230336,0.0329394021329769
L27832,0.0,0.0,0.0,0.0,0.0,0.0,0.0210363516916675,0.0,0.0,0.0,0.0,0.0,0.0,0.004592050220958,0.0,0.0,0.0
L104550,0.0,0.0,0.0,0.0,0.0,0.0,0.0118500658975626,0.0,0.0,0.0,0.0,0.0,0.0,0.004592050220958,0.0040274143550899,0.0119935681288382,0.0
L27840,0.0018355265190402,0.0,0.0,0.0,0.0,0.0,0.0,0.0,0.0,0.0,0.0053674537872933,0.0,0.0,0.0,0.0,0.0,0.0130078457414282
L27841,0.0,0.0,0.0,0.0,0.0,0.0,0.0,0.0,0.0,0.0,0.007638184300921,0.0,0.0,0.0,0.0,0.0,0.018920536084898
L27856,0.011014741862509,0.0076676163971351,0.0,0.0074296736683372,0.0203886209436502,0.0101045760094682,0.0010346275587739,0.0256904277495543,0.0065758174604162,0.0,0.0,0.0,0.0,0.0056566087905191,0.0089654057183116,0.0057433018460246,0.0042433545531868
L27871,0.0007416353857791,0.0382177840789824,0.0,0.0056802261734527,0.01065726351341,0.1239004724875406,0.0063419969417075,0.0767551727095467,0.08811763649005,0.003607189310993,0.0031268534757821,0.0336518168350577,0.0,0.2863625442117409,0.0413500383330184,0.0099139278845276,0.0
L27876,0.0066462780958857,0.0,0.0,0.0,0.0,0.0,0.0,0.0,0.0,0.0,0.0,0.0,0.0,0.0033796134359476,0.0,0.0,0.0
L27877,0.0,0.0088857988456108,0.0,0.0,0.0,0.0039105818100002,0.0,0.0040771357569149,0.0,0.0,0.0,0.0,0.0,0.0090362222264668,0.0,0.0,0.0
L27879,0.0,0.0109381531121451,0.0,0.0,0.0,0.0,0.0,0.0,0.0,0.0,0.0003382498505842,0.0113808694757445,0.0,0.0033796134359476,0.0058494203091769,0.0,0.0085883097593647
L27885,0.0018208163859485,0.0004654054659757,0.0,0.0095702104740849,0.0148736691095026,0.0030214545712321,0.0,0.0015248583438274,0.0065758174604162,0.0,0.0,0.0,0.0,0.0,0.005267736940434,0.0042358558177469,0.0042433545531868
L27895,0.0,0.0007452417490108,0.0,0.0017815926152175,0.0065957919705414,0.0028693215966565,0.0008243803869153,0.0081067675079225,0.0096800677307963,0.0,0.0,0.0,0.0,0.0,0.0233223379854437,0.0,0.0
L27920,0.0,0.0024421108958942,0.0,0.0,0.0,0.0,0.0,0.0,0.0,0.0,0.0010476584114782,0.0,0.0,0.0141096342772097,0.0,0.0,0.0054472802386448
L27929,0.0,0.0,0.0,0.0,0.0,0.0,0.0,0.0,0.0,0.0,0.0022707305136276,0.0,0.0,0.004849778790363,0.0,0.0,0.0084310288431203
L27931,0.0,0.0,0.0,0.0,0.0,0.0,0.0,0.0,0.0,0.0,0.0022707305136276,0.0,0.0,0.004849778790363,0.0028039517714042,0.0006748842810972,0.0084310288431203
L27941,0.0190971519307453,0.0025038445998389,0.0,0.0,0.0064111250781436,0.0095891238484464,0.0010346275587739,0.0049090172210763,0.0053068498379522,0.0,0.0,0.0,0.0,0.0,0.0043419429535891,0.0076141288139307,0.0055195411961095
L27963,0.0014177222142762,0.0,0.0,0.0145941356141425,0.0,0.0,0.003802947204085,0.0,0.0,0.0,0.0,0.0,0.0,0.0,0.0,0.0,0.0
L27987,0.0,0.0,0.0,0.0,0.0,0.0,0.0,0.0,0.0,0.0,0.0,0.0,0.0,0.0,0.003396379445287,0.0,0.0008672054280128
L27992,0.0,0.0,0.0,0.0,0.0,0.0,0.0,0.0,0.0,0.0,0.0022255831918775,0.0,0.0,0.0,0.0,0.0,0.0040813554405127
L104532,0.0,0.0,0.0,0.0,0.0,0.0,0.0,0.0,0.0,0.0,0.0,0.0,0.0,0.0141096342772097,0.0020137071775449,0.0059967840644191,0.0
L28005,0.0023420864766514,0.0045185840441122,0.0,0.0072598740687399,0.0112695787623277,0.0066506396920355,0.0013215917460143,0.006582590159143,0.0060657533674028,0.0,0.0,0.0,0.0,0.0,0.0038489790205975,0.0,0.0024654309277369
L28010,0.0018355265190402,0.0,0.0,0.0,0.0,0.0,0.0,0.0,0.0,0.0,0.0,0.0,0.0,0.004592050220958,0.0028039517714042,0.0006748842810972,0.0025183384996505
L28013,0.0,0.0045400344102725,0.0,0.0,0.0,0.0,0.0,0.0,0.0,0.0,0.0,0.0,0.0,0.0450985037927609,0.0,0.0,0.0
L28015,0.0,0.0,0.0,0.0,0.0,0.0,0.0,0.0,0.0,0.0,0.0,0.0,0.0,0.0329490768004708,0.0,0.0,0.0021371627577256
L28024,0.0,0.0,0.0,0.0082817992996533,0.0,0.0,0.0,0.0,0.0,0.0,0.0,0.0,0.0,0.0,0.0,0.0,0.0
L28027,0.0,0.0,0.0,0.0,0.0,0.0,0.0,0.0,0.0,0.0,0.0,0.0,0.0,0.0039637280350526,0.0,0.0,0.0
L28031,0.0,0.0045400344102725,0.0,0.0,0.0,0.0,0.0,0.0,0.0,0.0,0.0016742233109792,0.0,0.0,0.0,0.0,0.0,0.0039377207868119
L28035,0.0,0.0,0.0,0.0,0.0110969127687726,0.0,0.0,0.0,0.0,0.0,0.0,0.0,0.0,0.0,0.0,0.0,0.0
L28036,0.0,0.0,0.0,0.0,0.0074336016595528,0.0,0.0,0.0,0.0,0.0,0.0,0.0,0.0,0.0,0.0,0.0,0.0
L28037,0.0,0.0,0.0,0.0,0.0,0.0,0.0,0.0,0.0,0.0,0.0012294930830095,0.0,0.0,0.0,0.0,0.0,0.0006763841888625
L28040,0.0,0.0,0.0,0.0,0.0,0.0,0.0,0.0,0.0,0.0,0.0,0.0,0.0,0.0,0.0,0.0,0.0014270580210201
L28046,0.0,0.0,0.0,0.0,0.0,0.0,0.0,0.0,0.0,0.0,0.0010318906491136,0.0,0.0,0.0,0.0,0.0,0.004374114676767
L28051,0.0,0.0,0.0,0.0,0.0,0.0,0.0,0.0,0.0,0.0,0.0019160262331806,0.0,0.0,0.0,0.0,0.0,0.0024375422740118
L28054,0.0,0.0,0.0,0.0117300150456538,0.0036252511157468,0.0,0.0,0.0,0.0,0.0,0.0,0.0,0.0,0.0,0.0,0.0,0.0
L28055,0.0004169383097442,0.0314558884333615,0.0,0.0,0.0,0.0,0.0,0.0,0.0,0.0,0.123814321687955,0.0,0.0,0.0,0.0,0.0,0.0413527504476545
L28058,0.0,0.006040885244465,0.0,0.0,0.0033235632138162,0.0,0.0,0.0062283438973457,0.0,0.0067876152222822,0.0,0.0,0.0,0.0060926869225665,0.0,0.0073246508651909,0.0
L28060,0.0,0.0436652998475627,0.0,0.0021710988030373,0.0037816056835277,0.0381721851855276,0.0015298592548267,0.0243037929951745,0.0203271841327369,0.003607189310993,0.0029293107521034,0.0356912765959934,0.0,0.0919862160950083,0.007568497721671,0.0036419310220999,0.002971849137476
L28067,0.0,0.0583850236888826,0.0,0.0,0.0,0.0625792333558327,0.0,0.0,0.0,0.0,0.0299644252283506,0.0556386370784717,0.0,0.0343643051090376,0.0043299663812403,0.1419139990200792,0.0286791341626179
L28068,0.0,0.0,0.0,0.0,0.0,0.0,0.0,0.0,0.0,0.0,0.0,0.0,0.0,0.0,0.0,0.0,0.0030551731333861
L28070,0.0,0.0,0.0,0.0,0.0,0.0,0.0006508714714404,0.0,0.0043919125647524,0.0,0.0,0.0,0.0,0.0,0.002240117260722,0.0,0.0
L28072,0.001545127558688,0.0060325831961704,0.0,0.0,0.0,0.0,0.0,0.0,0.0,0.0,0.0029059597921505,0.0,0.0,0.0,0.0,0.0,0.0056358278708964
L28074,0.0,0.0,0.0,0.0,0.0,0.0,0.0,0.0,0.0,0.0,0.0009399241195308,0.0,0.0,0.0,0.0,0.0,0.0032930977772456
L28075,0.0,0.0,0.0,0.0,0.0034554751345662,0.0,0.0,0.0,0.0,0.0,0.0,0.0,0.0,0.0,0.0,0.0,0.0
L28076,0.0,0.0,0.0,0.0,0.0,0.0,0.0007699382039049,0.0,0.0,0.0,0.0,0.0,0.0,0.0,0.0,0.0,0.0
L28077,0.0,0.0,0.0,0.0,0.002724644886668,0.0041742871848927,0.0,0.0068467610219048,0.0,0.0234094359323216,0.0,0.023257207533227,0.0,0.0,0.0,0.0,0.0
L28078,0.0,0.0,0.0,0.0,0.0019251156158022,0.011958342194401,0.0,0.0121631053079698,0.0,0.0,0.0,0.0,0.0,0.0140709734092829,0.0,0.0,0.0
L28080,0.0010159908556282,0.0,0.0,0.0,0.0,0.0,0.0,0.0,0.0,0.0,0.0,0.0,0.0,0.0,0.0,0.0,0.0
L28081,0.0007335684752544,0.0,0.0,0.0,0.0,0.0051512545730814,0.0,0.0025885173927975,0.0,0.0,0.0,0.0,0.0,0.0,0.0,0.0,0.0
L28082,0.0,0.0,0.0,0.0,0.0,0.0,0.0,0.0,0.0,0.0,0.0,0.0154179884034043,0.0,0.0,0.0,0.0,0.0
L28083,0.0,0.0,0.0,0.0,0.0,0.0,0.0,0.0022704743001671,0.0123196218708833,0.0338214715099434,0.0,0.0,0.0,0.0,0.0,0.0,0.0
L28085,0.0,0.0,0.0,0.0,0.0,0.0,0.0,0.0,0.0,0.0,0.0,0.0,0.0,0.0059285800046782,0.0,0.0,0.0
L28086,0.0003196326743204,0.0022703852762429,0.0,0.0,0.0,0.0,0.0019183398674387,0.0,0.0,0.0,0.0013830677617284,0.0,0.0,0.0014601401150245,0.0009831932977016,0.0024430497142405,0.0029504208545724
L28087,0.0,0.0014562733334971,0.0,0.0,0.0,0.0,0.0,0.0,0.0,0.0,0.0014035526312543,0.0,0.0,0.0,0.0,0.0,0.0019961898877109
L28088,0.0036545068384502,0.001381145930949,0.0,0.0092112662835547,0.0255046775952402,0.0123955087485706,0.0016268308607892,0.0253567585813658,0.0226210871425758,0.0075344511717641,0.0,0.0,0.0,0.0,0.0147864990948579,0.0042358558177469,0.0087756512708836
L28089,0.0036545068384502,0.0008916318074871,0.0,0.0092112662835547,0.0233135093995815,0.006193994199468,0.0016268308607892,0.0204023539606119,0.0134426041357488,0.0,0.0,0.0,0.0,0.0,0.009325406498139,0.0042358558177469,0.0056354720421745
L28102,0.0,0.0,0.0,0.0,0.0,0.0,0.0,0.0,0.0,0.0,0.0,0.0,0.0,0.0,0.0033694064852686,0.0,0.0
L28117,0.0036713083200591,0.0021013792931018,0.0,0.0,0.0,0.0038181184948205,0.0243620783653935,0.0288305327258612,0.0,0.0624594672137483,0.0,0.0,0.0,0.0061309838117941,0.0129809652064561,0.0216238002057224,0.0018878331101555
L28133,0.0,0.0021013792931018,0.0,0.0,0.0,0.0,0.0165706579363468,0.0056668358724632,0.0,0.0185133409000435,0.0,0.0,0.0,0.0,0.008030985861004,0.0152325561932817,0.0
L28134,0.0,0.0,0.0,0.0,0.0,0.0,0.0165706579363468,0.0,0.0,0.006208486903049,0.0,0.0,0.0,0.0,0.008030985861004,0.0152325561932817,0.0
L28137,0.00071831243147,0.0,0.0,0.0,0.0,0.0,0.0192085198158531,0.0083259926975244,0.0,0.016316264725019,0.0,0.0,0.0,0.0,0.0112899446927289,0.0152325561932817,0.0
L28161,0.0014380367686526,0.0,0.0,0.0,0.0,0.0043934868840787,0.0042202387254508,0.0268580397723194,0.0,0.0914232004682123,0.0,0.0159029337586275,0.0,0.0049420078277259,0.0018887461546512,0.0057547710272125,0.0
L28184,0.0,0.0,0.0,0.0,0.0,0.0,0.0025655505564087,0.0,0.0,0.0632149186854034,0.0,0.0,0.0,0.0038353859806577,0.0060034042674767,0.0057899393788154,0.0013138397913157
L28186,0.0,0.0,0.0,0.0,0.0,0.0043934868840787,0.0049793453029963,0.0140091724511367,0.0,0.0975565080887361,0.0,0.0,0.0,0.0049715692281709,0.0018323699298413,0.0075354232222959,0.0013138397913157
L28187,0.0023750139244797,0.0,0.0934357937912011,0.0,0.0,0.0,0.0074392143157359,0.0,0.0,0.0,0.0,0.0,0.0,0.0,0.0033704790141357,0.0,0.0
L28190,0.0071830614760592,0.0,0.0362073020739689,0.0082771078496588,0.0,0.0,0.0223946179274668,0.0,0.0,0.0,0.0,0.0,0.0,0.0,0.0097468000473707,0.0,0.0106141674444104
L28192,1.570966022340481e-07,0.0122105544794712,0.0,0.0,0.0,0.0,0.0275588573823148,0.0,0.0,0.0,0.005238292057391,0.0,0.0,0.0051011456451111,0.0200769036666666,0.0095487114955051,0.0272367708854026
L104551,0.0,0.0146526653753655,0.0,0.0,0.0,0.0,0.0355825534446415,0.005121156381126,0.0,0.0,0.0062859504688692,0.0,0.0,0.0916596006004762,0.0060411215326349,0.0192386765135515,0.0326836814318688
L104553,0.0,0.0,0.0,0.0,0.0,0.0,0.0118500658975626,0.0,0.0,0.0,0.0,0.0,0.0,0.009184100441916,0.0,0.0,0.0
L28198,0.0,0.0,0.0,0.0,0.0,0.0,0.0,0.0,0.0,0.0,0.0053674537872933,0.0,0.0,0.0,0.0,0.0,0.0104895072417776
L28208,0.0,0.0,0.0,0.0,0.0,0.0,0.0050533580348905,0.0,0.0,0.0,0.0,0.0,0.0,0.0,0.0038171454510327,0.0,0.0
L28210,0.0,0.0069127945751537,0.0,0.0028984280032225,0.0099369646665372,0.007083121438236,0.0,0.0208349514634583,0.0,0.0,0.0,0.0,0.0,0.0056566087905191,0.0008561442664816,0.0,0.0
L28211,0.0,0.0,0.0,0.0074296736683372,0.0159814500392172,0.006193994199468,0.0,0.0182826740503708,0.0065758174604162,0.0,0.0,0.0,0.0,0.0,0.0077603853065279,0.0042358558177469,0.0042433545531868
L28218,0.0,0.0008916318074871,0.0209094450234133,0.0181470691575524,0.0270939639764855,0.0105874810835467,0.0122458680751154,0.0437919203066465,0.0065758174604162,0.0423009156411736,0.0,0.0159029337586275,0.0,0.0011361832475132,0.0093235390808563,0.0074088532949074,0.0042433545531868
L28227,3.9274150558512025e-08,0.0,0.0,0.0,0.0,0.0,0.0141527067669068,0.0,0.0,0.0,0.0,0.0,0.0,0.0,0.0076270380206843,0.0,9.242304465659247e-08
L28237,0.0,0.0109381531121451,0.0,0.0,0.0,0.0,0.0,0.0,0.0,0.0,0.0003382498505842,0.0113808694757445,0.0,0.0033796134359476,0.0016783859715414,0.0,0.0068149656957775
L28241,0.0066462780958857,0.0060211627676666,0.0,0.0045312456651146,0.0081689383674246,0.0069320363812324,0.0,0.0056019941007423,0.0065758174604162,0.0,0.0,0.0,0.0,0.0056566087905191,0.0035893509688925,0.0042358558177469,0.0042433545531868
L28243,0.0018208163859485,0.0004654054659757,0.0,0.0095702104740849,0.0148736691095026,0.0030214545712321,0.0,0.0015248583438274,0.0065758174604162,0.0,0.0,0.0,0.0,0.0,0.0035893509688925,0.0042358558177469,0.0042433545531868
L28251,0.0,0.0,0.0,0.0,0.0,0.0,0.0,0.0,0.0,0.0,0.0,0.0,0.0,0.0,0.0058494203091769,0.0,0.0
L28253,0.0,0.0,0.0,0.0,0.0,0.0,0.0,0.0,0.0,0.0,0.0,0.0,0.0,0.0,0.0076407412884432,0.0,0.0
L28274,0.0,0.0,0.0,0.0,0.0,0.0,0.0087519309105828,0.0,0.0,0.0,0.0,0.0,0.0,0.0,0.0026551517026285,0.0062795193519132,0.0
L28280,0.0,0.0,0.0,0.0043354403735722,0.007591915557757,0.0043934868840787,0.0024137947465875,0.0265411562117975,0.0,0.0343415894033326,0.0,0.0159029337586275,0.0,0.0048801077111087,0.0,0.0017454838434804,0.0017240225058062
L28295,0.0,0.0,0.1424041083346425,0.0,0.0,0.0,0.0044878671408304,0.0,0.0,0.0,0.0,0.0,0.0,0.0,0.0009914730684236,0.0,0.0
L28298,0.0,0.0,0.0,0.0,0.0,0.0,0.0,0.0,0.0,0.0,0.0022707305136276,0.0,0.0,0.0,0.0,0.0,0.0084310288431203
L28301,0.0,0.0,0.0,0.0,0.0,0.0,0.0,0.0,0.0,0.0,0.0,0.0,0.0,0.0,0.0,0.0,0.0018324855698629
L28308,0.0141133368457562,0.0021812711716417,0.0,0.0,0.0,0.0095891238484464,0.0,0.0015783992788078,0.0053068498379522,0.0,0.0,0.0,0.0,0.0,0.0016184384538019,0.0061066827856529,0.0055195411961095
L28317,0.0043684637666232,0.0007548218219813,0.0362242218084221,0.0054899038934266,0.0075967159172942,0.0,0.0087807389208548,0.0033306179422685,0.0,0.0,0.0,0.0,0.0,0.0,0.0086208463115348,0.0015074460282777,0.0
L28318,0.0074486489917961,0.0007548218219813,0.0,0.0,0.0,0.0,0.0,0.0,0.0,0.0,0.0,0.0,0.0,0.0,0.0017964059831502,0.0,0.0
L28325,0.0,0.0028646360779442,0.0,0.0,0.0,0.0,0.0,0.0,0.0,0.0,0.0,0.0,0.0,0.0,0.0,0.0,0.0017733440635872
L28332,0.0,0.0,0.0,0.0,0.0,0.0,0.0050533580348905,0.0,0.0,0.0,0.0,0.0,0.0,0.0,0.0016696536088508,0.0,0.0
L28340,0.0,0.0,0.0,0.0,0.0,0.0,0.0,0.0,0.0,0.0,0.0,0.0,0.0,0.0108460746582663,0.0,0.0,0.0
L28354,0.0,0.0,0.0,0.0,0.0,0.0,0.0,0.0,0.0,0.0,0.0,0.0,0.0,0.0032635596189434,0.0,0.0,0.0
L28360,0.0155310590600324,0.0,0.0,0.0,0.0,0.0095891238484464,0.0,0.0,0.0,0.0,0.0,0.0,0.0,0.0,0.0,0.0012576347086713,0.0055195411961095
L28371,0.0,0.0,0.0,0.0,0.0,0.0,0.0,0.0,0.0,0.0,0.0,0.0,0.0,0.0,0.0020137071775449,0.0059967840644191,0.0
L28383,0.0,0.0,0.0,0.0,0.0,0.0,0.0,0.0,0.0,0.0,0.0,0.0,0.0,0.0,0.0028039517714042,0.0006748842810972,0.0
L28388,0.0,0.0,0.0,0.0,0.0,0.0,0.0,0.0,0.0,0.0,0.0,0.0,0.0,0.0329490768004708,0.0,0.0,0.0
L28395,0.0,0.0,0.0,0.0,0.003639970585552,0.0,0.0,0.0,0.0,0.0,0.0,0.0,0.0,0.0,0.0,0.0,0.0
L28401,0.0,0.0045400344102725,0.0,0.0,0.0,0.0,0.0,0.0,0.0,0.0,0.0,0.0,0.0,0.0,0.0,0.0,0.0
L28405,0.0018355265190402,0.0,0.0,0.0,0.0,0.0,0.0,0.0,0.0,0.0,0.0,0.0,0.0,0.0,0.0,0.0,0.0025183384996505
L28406,0.0,0.0,0.0,0.0,0.0048390563129932,0.0,0.0,0.0,0.0,0.0,0.0,0.0,0.0,0.0,0.0,0.0,0.0
L28409,0.0,0.0,0.0,0.0,0.0,0.0,0.0,0.0136370914811936,0.0,0.0,0.0,0.0,0.0,0.0057227737879821,0.0,0.0048514826627064,0.0
L28410,0.0,0.0,0.0,0.0,0.0,0.0,0.0,0.0,0.0,0.0,0.0010318906491136,0.0,0.0,0.0,0.0,0.0,0.0022369519190413
L28415,0.0,0.0003225734281971,0.0,0.0,0.0041284071684552,0.0,0.0,0.0,0.0,0.0,0.0,0.0,0.0,0.0,0.0,0.0,0.0
L28417,0.0,0.0154409305470658,0.0,0.0021710988030373,0.0037816056835277,0.0381721851855276,0.0006961138733255,0.0163926919292516,0.0110979584450159,0.003607189310993,0.0,0.0120666330702916,0.0,0.0737426700030959,0.0025264330254062,0.0,0.0
L28418,0.0,0.0,0.0,0.0,0.0,0.0,0.0,0.0,0.0,0.0,0.0,0.0,0.0,0.0,0.0,0.0,0.0021371627577256
L28419,0.0,0.024610113472212,0.0,0.0,0.0,0.0,0.0,0.0,0.0,0.0,0.0025306810768518,0.0236246435257018,0.0,0.0125899282567915,0.0,0.0,0.002971849137476
L28420,0.0,0.0060325831961704,0.0,0.0,0.0,0.0,0.0,0.0,0.0,0.0,0.0029059597921505,0.0,0.0,0.0,0.0,0.0,0.0056358278708964
L28525,0.0036545068384502,0.0,0.0,0.0092112662835547,0.0211890564048368,0.006193994199468,0.0016268308607892,0.0204023539606119,0.0134426041357488,0.0,0.0,0.0,0.0,0.0,0.0084692622316573,0.0042358558177469,0.0056354720421745
L28546,0.0029529958885891,0.0021013792931018,0.0,0.0,0.0,0.0038181184948205,0.0129722855753043,0.0205045400283367,0.0,0.0523516893917783,0.0,0.0,0.0,0.0061309838117941,0.0070668546721027,0.0153442808538092,0.0018878331101555
L28556,0.0,0.0021013792931018,0.0,0.0,0.0,0.0,0.0078187270257639,0.0056668358724632,0.0,0.0185133409000435,0.0,0.0,0.0,0.0,0.0053758341583755,0.0089530368413684,0.0
L28563,0.0,0.0,0.0,0.0,0.0,0.0,0.0078187270257639,0.0,0.0,0.006208486903049,0.0,0.0,0.0,0.0,0.0053758341583755,0.0089530368413684,0.0
L28573,0.0,0.0,0.0,0.0,0.0,0.0,0.0,0.0,0.0,0.0,0.0,0.0,0.0,0.0,0.0,0.0,0.0018005303021729
L28582,0.0014380367686526,0.0,0.0,0.0,0.0,0.0,0.0018064439788632,0.006151962020354,0.0,0.0570816110648797,0.0,0.0,0.0,0.0038058245802126,0.0018887461546512,0.004009287183732,0.0
L28587,0.0009292853134402,0.0,0.0,0.0,0.0,0.0043934868840787,0.0042202387254508,0.0201611344714907,0.0,0.0914232004682123,0.0,0.0,0.0,0.0049420078277259,0.0018887461546512,0.0057547710272125,0.0
L28599,0.0063126520417213,0.0,0.0,0.0,0.0,0.0,0.0,0.0,0.0,0.0,0.0,0.0,0.0,0.0,0.0,0.0,0.0106141674444104
L28602,0.0,0.0146526653753655,0.0,0.0,0.0,0.0,0.0275588573823148,0.0,0.0,0.0,0.0062859504688692,0.0,0.0,0.0,0.0,0.0,0.0326836814318688
L104554,0.0,0.0,0.0,0.0,0.0,0.0,0.0210363516916675,0.0,0.0,0.0,0.0,0.0,0.0,0.0,0.0,0.0,0.0
L104555,0.0,0.0,0.0,0.0,0.0,0.0,0.0091862857941049,0.0,0.0,0.0,0.0,0.0,0.0,0.0,0.0020137071775449,0.0059967840644191,0.0
L28617,0.0,0.0008916318074871,0.0,0.0074296736683372,0.0181059030339619,0.006193994199468,0.0,0.0182826740503708,0.0065758174604162,0.0,0.0,0.0,0.0,0.0,0.0044454952353741,0.0042358558177469,0.0042433545531868
L28630,0.0,0.0080735170342009,0.0,0.0,0.0,0.0,0.0,0.0,0.0,0.0,0.0003382498505842,0.0113808694757445,0.0,0.0033796134359476,0.0,0.0,0.0011844198018831
L28634,0.0,0.0028646360779442,0.0,0.0,0.0,0.0,0.0,0.0,0.0,0.0,0.0,0.0,0.0,0.0033796134359476,0.0,0.0,0.0
L28670,0.0,0.0,0.0,0.0,0.0,0.0043934868840787,0.0024137947465875,0.0207060777519654,0.0,0.0343415894033326,0.0,0.0159029337586275,0.0,0.0011361832475132,0.0,0.0017454838434804,0.0
L28699,0.0043684637666232,0.0007548218219813,0.0,0.0,0.0022827179096883,0.0,0.0010346275587739,0.0033306179422685,0.0,0.0,0.0,0.0,0.0,0.0,0.0045199104829374,0.0015074460282777,0.0
L28704,0.0,0.0,0.0,0.0,0.0,0.0,0.0,0.0,0.0,0.0,0.0,0.0,0.0,0.0,0.0019915567941345,0.0,0.0
L28715,0.0,0.0080735170342009,0.0,0.0,0.0,0.0,0.0,0.0,0.0,0.0,0.0003382498505842,0.0113808694757445,0.0,0.0,0.0,0.0,0.0068149656957775
L28716,0.0,0.0,0.0,0.0082771078496588,0.0,0.0,0.001716875095331,0.0,0.0,0.0,0.0,0.0,0.0,0.0,0.0,0.0,0.0
L28722,0.0,0.0,0.0,0.0043354403735722,0.007591915557757,0.0,0.0,0.0058350784598321,0.0,0.0,0.0,0.0,0.0,0.0037439244635954,0.0,0.0,0.0017240225058062
L28723,0.0,0.0,0.0,0.0,0.0,0.0,0.0,0.0,0.0,0.0,0.0,0.0,0.0,0.0,0.0,0.0,0.0017733440635872
L28728,0.0014177222142762,0.0,0.0,0.0,0.0,0.0,0.0,0.0,0.0,0.0,0.0,0.0,0.0,0.0,0.0,0.0,0.0
L28731,0.0018208163859485,0.0004654054659757,0.0,0.0050389648089702,0.006704730742078,0.0,0.0,0.0,0.0,0.0,0.0,0.0,0.0,0.0,0.0,0.0,0.0
L28733,0.0,0.001572021472344,0.0,0.0,0.0,0.0,0.0,0.0,0.0,0.0,0.0,0.0,0.0,0.0,0.0,0.0,0.0
L28735,0.0,0.0,0.0,0.0,0.0,0.0,0.0,0.0,0.0,0.0,0.0,0.0,0.0,0.0,0.00278960194369,0.0,0.0
L28736,0.0,0.0,0.0,0.0,0.0,0.0,0.0,0.0,0.0,0.0,0.0,0.0,0.0,0.0,0.0028039517714042,0.0,0.0
L28737,0.0,0.0,0.0,0.0,0.0,0.0,0.0,0.0,0.0,0.0,0.0,0.0,0.0,0.0025505728225555,0.0005404100238304,0.0,0.0
L28740,0.0,0.0,0.0,0.0,0.0,0.0,0.0,0.0,0.0,0.0,0.0,0.0,0.0,0.0,0.0,0.0006748842810972,0.0
L28741,0.0141133368457562,0.0,0.0,0.0,0.0,0.0095891238484464,0.0,0.0,0.0,0.0,0.0,0.0,0.0,0.0,0.0,0.0012576347086713,0.0055195411961095
L28742,0.0066462780958857,0.0,0.0,0.0,0.0,0.0,0.0,0.0,0.0,0.0,0.0,0.0,0.0,0.0,0.0,0.0,0.0
L28421,0.0036545068384502,0.0,0.0,0.0017815926152175,0.0052076063656196,0.0,0.0016268308607892,0.0021196799102411,0.0068667866753325,0.0,0.0,0.0,0.0,0.0,0.0048799112627648,0.0,0.0013921174889876
L28431,0.0,0.0,0.0,0.0,0.0,0.0,0.0,0.0,0.0,0.0,0.0,0.0,0.0,0.0,0.0035630702083557,0.0,0.0
L28442,0.0,0.0,0.0,0.0,0.0,0.0,0.0,0.0,0.0,0.0,0.0,0.0,0.0,0.0,0.0018720496946285,0.0,0.0
L28458,0.0009292853134402,0.0,0.0,0.0,0.0,0.0,0.0018064439788632,0.006151962020354,0.0,0.0570816110648797,0.0,0.0,0.0,0.0038058245802126,0.0018887461546512,0.004009287183732,0.0
L28463,0.0,0.0,0.0,0.0,0.0,0.0,0.0025655505564087,0.0,0.0,0.0632149186854034,0.0,0.0,0.0,0.0038353859806577,0.0018323699298413,0.0057899393788154,0.0013138397913157
L28465,0.0023750139244797,0.0,0.0362073020739689,0.0,0.0,0.0,0.0074392143157359,0.0,0.0,0.0,0.0,0.0,0.0,0.0,0.0033704790141357,0.0,0.0
L28467,0.0,0.0,0.0,0.0,0.0,0.0,0.0183725715882098,0.0,0.0,0.0,0.0,0.0,0.0,0.0,0.0,0.0,0.0
L28475,0.0,0.0008916318074871,0.0,0.0028984280032225,0.0099369646665372,0.0031725396282358,0.0,0.0167578157065434,0.0,0.0,0.0,0.0,0.0,0.0,0.0008561442664816,0.0,0.0
L28477,0.0,0.0,0.0,0.0074296736683372,0.0159814500392172,0.006193994199468,0.0,0.0182826740503708,0.0065758174604162,0.0,0.0,0.0,0.0,0.0,0.0035893509688925,0.0042358558177469,0.0042433545531868
L28491,0.0,0.0,0.0,0.0,0.0,0.0,0.0,0.0,0.0,0.0,0.0,0.0,0.0,0.0,0.0041710343376354,0.0,0.0
L28493,0.0,0.0,0.0,0.0017815926152175,0.0052076063656196,0.0,0.0008243803869153,0.0021196799102411,0.0068667866753325,0.0,0.0,0.0,0.0,0.0,0.0048799112627648,0.0,0.0
L28498,0.0,0.0,0.0,0.0,0.0,0.0,0.0,0.0,0.0,0.0,0.0,0.0,0.0,0.0,0.0016783859715414,0.0,0.0
L28505,0.0,0.0,0.0,0.0,0.0,0.0043934868840787,0.0024137947465875,0.0140091724511367,0.0,0.0343415894033326,0.0,0.0,0.0,0.0011361832475132,0.0,0.0017454838434804,0.0
L28508,0.0,0.0024421108958942,0.0,0.0,0.0,0.0,0.0,0.0,0.0,0.0,0.0010476584114782,0.0,0.0,0.0,0.0,0.0,0.0054472802386448
L28511,0.0,0.0,0.0,0.0,0.0,0.0,0.0141527067669068,0.0,0.0,0.0,0.0,0.0,0.0,0.0,0.0059710078104214,0.0,0.0
L28512,0.0,0.0,0.0572284917172321,0.0,0.0,0.0,0.0,0.0,0.0,0.0,0.0,0.0,0.0,0.0,0.0,0.0,0.0
L28514,0.0,0.0021812711716417,0.0,0.0,0.0,0.0,0.0,0.0015783992788078,0.0,0.0,0.0,0.0,0.0,0.0,0.0,0.0,0.0
L28515,0.0,0.0060211627676666,0.0,0.0,0.0,0.0039105818100002,0.0,0.0040771357569149,0.0,0.0,0.0,0.0,0.0,0.0056566087905191,0.0,0.0,0.0
L28516,0.0048080475515795,0.0,0.0,0.0,0.0,0.0,0.0,0.0,0.0,0.0,0.0,0.0,0.0,0.0,0.0,0.0,0.0106141674444104
L28517,0.0035660928707128,0.0,0.0,0.0,0.0022827179096883,0.0,0.0010346275587739,0.0033306179422685,0.0,0.0,0.0,0.0,0.0,0.0,0.0027235044997872,0.0015074460282777,0.0
L28518,0.0008023708959104,0.0007548218219813,0.0,0.0,0.0,0.0,0.0,0.0,0.0,0.0,0.0,0.0,0.0,0.0,0.0017964059831502,0.0,0.0
L28520,0.0,0.0028646360779442,0.0,0.0,0.0,0.0,0.0,0.0,0.0,0.0,0.0,0.0,0.0,0.0,0.0,0.0,0.0
L28522,0.0,0.0080735170342009,0.0,0.0,0.0,0.0,0.0,0.0,0.0,0.0,0.0003382498505842,0.0113808694757445,0.0,0.0,0.0,0.0,0.0011844198018831
L28753,0.0,0.0,0.0,0.0,0.0,0.0,0.0,0.0,0.0,0.0,0.0,0.0,0.0,0.0,0.0016910205137271,0.0,0.0
L28761,0.0029529958885891,0.0,0.0,0.0,0.0,0.0038181184948205,0.0051535585495403,0.0148377041558735,0.0,0.0338383484917348,0.0,0.0,0.0,0.0061309838117941,0.0,0.0063912440124407,0.0018878331101555
L28763,0.0005087514552123,0.0,0.0,0.0,0.0,0.0,0.0,0.0,0.0,0.0,0.0,0.0,0.0,0.0,0.0,0.0,0.0
L28766,0.0015046044901417,0.0,0.0,0.0,0.0,0.0,0.0,0.0,0.0,0.0,0.0,0.0,0.0,0.0,0.0,0.0,0.0
L28767,0.0008704094343379,0.0,0.0,0.0,0.0,0.0,0.0,0.0,0.0,0.0,0.0,0.0,0.0,0.0,0.0,0.0,0.0
L28768,0.0,0.0,0.0,0.0,0.0,0.0,0.0091862857941049,0.0,0.0,0.0,0.0,0.0,0.0,0.0,0.0,0.0,0.0
L28769,0.0,0.0,0.0,0.0,0.0,0.0,0.0,0.0,0.0,0.0,0.0,0.0,0.0,0.0,0.0021474918421818,0.0,0.0
L28770,0.0,0.0,0.0,0.0028984280032225,0.0078125116717925,0.0031725396282358,0.0,0.0167578157065434,0.0,0.0,0.0,0.0,0.0,0.0,0.0,0.0,0.0
L28771,3.9274150558512025e-08,0.0,0.0,0.0,0.0,0.0,0.0,0.0,0.0,0.0,0.0,0.0,0.0,0.0,0.0016560302102628,0.0,9.242304465659247e-08
L28772,0.0,0.0,0.0,0.0,0.0,0.0,0.0,0.0,0.0,0.0,0.0,0.0,0.0,0.0033796134359476,0.0,0.0,0.0
L28773,0.0,0.0,0.0,0.0045312456651146,0.0081689383674246,0.0030214545712321,0.0,0.0015248583438274,0.0065758174604162,0.0,0.0,0.0,0.0,0.0,0.0035893509688925,0.0042358558177469,0.0042433545531868
L28746,0.0036545068384502,0.0,0.0,0.0,0.0,0.0,0.0008024504738739,0.0,0.0,0.0,0.0,0.0,0.0,0.0,0.0,0.0,0.0013921174889876
